user,system,iowait
2.0,0.0,0.0
8.6,0.7,0.0
12.3,0.0,0.0
0.0,0.0,0.0
0.0,0.0,0.0
0.0,0.0,0.0
0.3,0.0,0.0
0.0,0.0,0.0
0.0,0.0,0.0
0.0,0.0,0.0
0.0,0.0,0.0
0.0,0.0,0.0
0.0,0.0,0.0
0.0,0.0,0.0
0.0,0.0,0.0
0.0,0.0,0.0
0.0,0.0,0.0
0.0,0.0,0.0
0.1,0.2,0.0
0.6,0.6,0.0
0.4,0.6,0.0
0.7,0.4,0.0
0.5,0.8,0.0
0.4,0.5,0.0
0.3,0.3,0.0
0.1,0.2,0.0
0.1,0.4,0.0
8.4,0.2,0.0
0.1,0.3,0.0
0.1,0.1,0.0
0.1,0.2,0.0
0.2,0.3,0.0
0.4,0.2,0.0
0.2,0.1,0.0
0.3,0.2,0.0
0.3,0.2,0.0
0.3,0.4,0.0
0.1,0.1,0.0
0.2,0.4,0.0
0.1,0.3,0.0
0.4,0.4,0.0
0.1,0.3,0.0
0.2,0.1,0.0
0.2,0.4,0.0
0.4,0.2,0.0
0.7,0.6,0.0
1.0,0.5,0.0
0.9,0.6,0.0
0.7,0.7,0.0
1.6,0.2,0.0
0.5,1.0,0.0
11.4,0.4,0.0
16.7,0.0,0.0
16.7,0.0,0.0
16.7,0.0,0.0
16.6,0.0,0.0
16.7,0.0,0.0
16.7,0.0,0.0
16.5,0.0,0.0
16.6,0.0,0.0
16.7,0.0,0.0
16.8,0.0,0.0
16.7,0.0,0.0
16.6,0.0,0.0
16.7,0.0,0.0
16.5,0.0,0.0
17.5,0.1,0.0
16.5,0.0,0.0
16.7,0.0,0.0
16.6,0.0,0.0
16.6,0.0,0.0
16.7,0.0,0.0
16.7,0.0,0.0
16.7,0.0,0.0
16.6,0.1,0.0
16.7,0.0,0.0
16.6,0.0,0.0
16.7,0.0,0.0
16.6,0.0,0.0
16.7,0.0,0.0
16.7,0.0,0.0
17.0,0.2,0.0
16.7,0.0,0.0
16.7,0.0,0.0
16.6,0.1,0.0
14.3,0.1,0.0
8.4,0.1,0.0
16.7,0.0,0.0
16.7,0.0,0.0
16.7,0.0,0.0
16.6,0.0,0.0
16.6,0.1,0.0
16.5,0.1,0.0
16.6,0.0,0.0
16.7,0.0,0.0
16.7,0.0,0.0
17.2,0.1,0.0
16.7,0.0,0.0
16.7,0.0,0.0
16.8,0.1,0.0
16.6,0.1,0.0
16.8,0.0,0.0
16.6,0.0,0.0
16.7,0.0,0.0
16.9,0.0,0.0
16.7,0.1,0.0
16.7,0.0,0.0
16.7,0.1,0.0
16.7,0.0,0.0
16.7,0.0,0.0
16.6,0.1,0.0
16.7,0.3,0.0
16.7,0.0,0.0
16.7,0.0,0.0
16.6,0.0,0.0
16.6,0.1,0.0
16.7,0.0,0.0
16.4,0.0,0.0
16.7,0.0,0.0
16.7,0.0,0.0
16.7,0.0,0.0
7.2,0.3,0.0
16.7,0.0,0.0
16.6,0.0,0.0
16.7,0.0,0.0
16.7,0.0,0.0
17.0,0.2,0.0
16.7,0.0,0.0
16.7,0.0,0.0
16.6,0.0,0.0
16.6,0.0,0.0
16.7,0.0,0.0
16.6,0.0,0.0
16.7,0.0,0.0
16.6,0.0,0.0
16.6,0.1,0.0
16.7,0.0,0.0
16.6,0.1,0.0
16.6,0.1,0.0
16.6,0.0,0.0
16.7,0.0,0.0
17.2,0.1,0.0
16.5,0.0,0.0
16.7,0.0,0.0
16.6,0.0,0.0
16.7,0.0,0.0
16.4,0.0,0.0
16.6,0.0,0.0
16.7,0.0,0.0
16.6,0.1,0.0
16.7,0.0,0.0
16.7,0.0,0.0
16.6,0.0,0.0
16.5,0.0,0.0
16.7,0.0,0.0
16.7,0.0,0.0
7.0,0.5,0.0
13.1,0.2,0.0
16.7,0.0,0.0
16.6,0.0,0.0
16.6,0.0,0.0
16.7,0.0,0.0
16.7,0.0,0.0
16.8,0.0,0.0
16.6,0.0,0.0
16.5,0.0,0.0
16.7,0.0,0.0
16.5,0.0,0.0
16.5,0.0,0.0
16.7,0.0,0.0
16.8,0.0,0.0
16.9,0.1,0.0
16.7,0.0,0.0
16.8,0.0,0.0
16.6,0.0,0.0
16.7,0.0,0.0
16.6,0.0,0.0
16.6,0.0,0.0
16.5,0.1,0.0
16.8,0.1,0.0
16.6,0.0,0.0
16.7,0.0,0.0
16.5,0.1,0.0
16.8,0.0,0.0
16.7,0.0,0.0
16.7,0.0,0.0
17.0,0.1,0.0
16.7,0.0,0.0
16.4,0.0,0.0
16.7,0.0,0.0
16.7,0.0,0.0
16.6,0.0,0.0
6.9,0.2,0.0
16.7,0.0,0.0
16.5,0.0,0.0
16.7,0.0,0.0
16.6,0.1,0.0
16.7,0.0,0.0
16.7,0.0,0.0
16.7,0.0,0.0
16.7,0.0,0.0
16.8,0.1,0.0
16.7,0.0,0.0
16.8,0.0,0.0
16.7,0.1,0.0
16.7,0.0,0.0
16.6,0.0,0.0
16.7,0.0,0.0
16.6,0.0,0.0
16.5,0.0,0.0
16.7,0.0,0.0
16.5,0.0,0.0
16.7,0.0,0.0
16.8,0.0,0.0
16.6,0.0,0.0
16.7,0.0,0.0
16.9,0.1,0.0
16.5,0.0,0.0
16.6,0.0,0.0
16.7,0.0,0.0
16.7,0.0,0.0
16.6,0.0,0.0
16.6,0.1,0.0
16.7,0.1,0.0
16.8,0.0,0.0
16.7,0.0,0.0
13.7,0.2,0.0
10.0,0.0,0.0
16.7,0.0,0.0
16.7,0.0,0.0
16.6,0.0,0.0
17.3,0.2,0.0
16.7,0.0,0.0
16.7,0.1,0.0
16.7,0.0,0.0
16.7,0.0,0.0
16.6,0.0,0.0
16.7,0.0,0.0
16.7,0.0,0.0
16.7,0.0,0.0
16.6,0.0,0.0
16.8,0.0,0.0
16.7,0.0,0.0
16.7,0.1,0.0
16.7,0.0,0.0
16.5,0.0,0.0
17.7,0.2,0.0
16.7,0.0,0.0
16.6,0.0,0.0
16.7,0.0,0.0
16.7,0.0,0.0
16.6,0.0,0.0
16.6,0.0,0.0
17.5,0.6,0.0
18.7,0.1,0.0
17.4,0.1,0.0
16.7,0.0,0.0
16.7,0.0,0.0
16.5,0.0,0.0
16.7,0.0,0.0
16.7,0.0,0.0
17.2,0.1,0.0
16.7,0.0,0.0
7.4,0.2,0.0
16.7,0.0,0.0
16.7,0.0,0.0
16.7,0.0,0.0
16.7,0.0,0.0
16.6,0.0,0.0
16.7,0.0,0.0
16.7,0.0,0.0
16.5,0.0,0.0
16.6,0.0,0.0
16.8,0.0,0.0
16.6,0.0,0.0
16.7,0.0,0.0
17.0,0.1,0.0
16.5,0.0,0.0
16.7,0.0,0.0
16.5,0.1,0.0
16.6,0.0,0.0
16.6,0.0,0.0
16.7,0.0,0.0
16.6,0.0,0.0
16.7,0.0,0.0
16.8,0.0,0.0
16.6,0.0,0.0
16.5,0.0,0.0
16.7,0.0,0.0
16.7,0.0,0.0
16.6,0.0,0.0
16.9,0.1,0.0
16.6,0.1,0.0
16.7,0.1,0.0
16.7,0.0,0.0
16.5,0.1,0.0
16.6,0.0,0.0
16.7,0.0,0.0
16.5,0.0,0.0
16.7,0.0,0.0
16.3,0.1,0.0
7.5,0.2,0.0
16.7,0.0,0.0
16.7,0.0,0.0
16.6,0.0,0.0
16.7,0.0,0.0
17.5,0.1,0.0
16.6,0.0,0.0
16.6,0.0,0.0
16.6,0.1,0.0
16.6,0.0,0.0
16.7,0.0,0.0
16.7,0.0,0.0
16.7,0.0,0.0
16.7,0.0,0.0
16.7,0.1,0.0
16.6,0.0,0.0
16.7,0.0,0.0
16.7,0.0,0.0
16.5,0.0,0.0
16.6,0.1,0.0
17.1,0.1,0.0
16.7,0.0,0.0
16.7,0.0,0.0
16.7,0.1,0.0
16.6,0.0,0.0
16.7,0.0,0.0
16.4,0.0,0.0
16.7,0.0,0.0
16.7,0.1,0.0
16.7,0.0,0.0
16.5,0.1,0.0
16.5,0.0,0.0
16.7,0.0,0.0
16.7,0.1,0.0
16.7,0.0,0.0
15.9,0.2,0.0
8.6,0.2,0.0
16.8,0.0,0.0
16.7,0.0,0.0
16.7,0.0,0.0
16.5,0.0,0.0
16.5,0.0,0.0
16.5,0.1,0.0
16.9,0.0,0.0
16.7,0.0,0.0
16.5,0.0,0.0
16.8,0.0,0.0
16.6,0.0,0.0
16.7,0.0,0.0
16.5,0.0,0.0
17.1,0.3,0.0
16.7,0.0,0.0
16.6,0.1,0.0
16.7,0.1,0.0
16.6,0.0,0.0
16.7,0.2,0.0
16.7,0.0,0.0
16.7,0.0,0.0
16.7,0.0,0.0
16.7,0.0,0.0
16.6,0.1,0.0
16.6,0.0,0.0
16.6,0.0,0.0
16.7,0.1,0.0
16.8,0.1,0.0
17.1,0.1,0.0
16.6,0.0,0.0
16.7,0.0,0.0
16.7,0.0,0.0
16.5,0.1,0.0
16.7,0.0,0.0
16.7,0.0,0.0
16.4,0.0,0.0
7.5,0.3,0.0
16.7,0.0,0.0
16.7,0.0,0.0
16.5,0.0,0.0
16.7,0.0,0.0
16.7,0.0,0.0
16.6,0.0,0.0
16.9,0.1,0.0
16.5,0.1,0.0
16.7,0.0,0.0
16.7,0.1,0.0
16.6,0.0,0.0
16.7,0.0,0.0
16.7,0.0,0.0
16.6,0.0,0.0
16.5,0.0,0.0
16.7,0.0,0.0
16.6,0.0,0.0
16.6,0.0,0.0
16.5,0.1,0.0
16.8,0.0,0.0
16.7,0.0,0.0
16.9,0.0,0.0
16.6,0.1,0.0
16.6,0.0,0.0
16.6,0.0,0.0
16.7,0.0,0.0
16.5,0.0,0.0
16.4,0.0,0.0
16.7,0.0,0.0
16.7,0.1,0.0
16.6,0.1,0.0
16.7,0.1,0.0
16.7,0.0,0.0
16.6,0.1,0.0
11.0,0.2,0.0
12.9,0.0,0.0
17.1,0.1,0.0
16.7,0.0,0.0
16.5,0.0,0.0
16.8,0.0,0.0
16.6,0.1,0.0
16.7,0.0,0.0
16.7,0.0,0.0
16.6,0.0,0.0
16.6,0.0,0.0
16.7,0.0,0.0
16.6,0.0,0.0
16.6,0.1,0.0
16.7,0.0,0.0
16.7,0.1,0.0
16.7,0.0,0.0
16.8,0.1,0.0
16.6,0.0,0.0
16.7,0.0,0.0
16.5,0.0,0.0
16.6,0.0,0.0
16.7,0.0,0.0
16.6,0.0,0.0
16.6,0.0,0.0
16.7,0.1,0.0
16.7,0.0,0.0
16.6,0.1,0.0
16.6,0.0,0.0
16.6,0.0,0.0
16.7,0.0,0.0
16.6,0.0,0.0
16.9,0.1,0.0
16.6,0.0,0.0
16.5,0.0,0.0
16.7,0.0,0.0
7.2,0.3,0.0
16.7,0.0,0.0
16.7,0.0,0.0
16.5,0.0,0.0
16.6,0.0,0.0
16.6,0.0,0.0
16.6,0.0,0.0
16.7,0.0,0.0
16.6,0.0,0.0
16.6,0.0,0.0
16.7,0.0,0.0
17.3,0.2,0.0
16.5,0.0,0.0
16.5,0.0,0.0
16.6,0.0,0.0
16.7,0.0,0.0
16.6,0.0,0.0
16.7,0.0,0.0
16.5,0.0,0.0
16.9,0.1,0.0
16.8,0.1,0.0
16.5,0.0,0.0
16.7,0.0,0.0
16.7,0.0,0.0
16.7,0.0,0.0
16.6,0.0,0.0
17.0,0.0,0.0
16.7,0.0,0.0
16.7,0.0,0.0
16.6,0.0,0.0
16.4,0.1,0.0
16.6,0.0,0.0
16.6,0.0,0.0
16.6,0.0,0.0
16.5,0.0,0.0
16.5,0.0,0.0
7.5,0.2,0.0
16.7,0.0,0.0
16.7,0.0,0.0
16.5,0.0,0.0
16.7,0.1,0.0
17.2,0.2,0.0
16.7,0.0,0.0
16.7,0.0,0.0
16.7,0.0,0.0
16.6,0.1,0.0
16.6,0.0,0.0
16.7,0.0,0.0
16.7,0.0,0.0
16.6,0.0,0.0
16.7,0.1,0.0
16.7,0.0,0.0
16.7,0.0,0.0
16.5,0.0,0.0
16.7,0.0,0.0
16.7,0.0,0.0
17.0,0.1,0.0
16.5,0.0,0.0
16.6,0.0,0.0
16.7,0.0,0.0
16.7,0.1,0.0
16.6,0.1,0.0
16.7,0.0,0.0
16.6,0.0,0.0
16.6,0.0,0.0
16.5,0.0,0.0
16.7,0.0,0.0
16.6,0.0,0.0
16.7,0.0,0.0
16.6,0.1,0.0
16.7,0.1,0.0
17.1,0.1,0.0
9.2,0.2,0.0
14.7,0.0,0.0
16.7,0.0,0.0
16.7,0.0,0.0
16.7,0.0,0.0
16.7,0.0,0.0
16.7,0.0,0.0
16.6,0.1,0.0
16.6,0.1,0.0
16.7,0.0,0.0
16.6,0.0,0.0
16.5,0.0,0.0
16.7,0.0,0.0
16.6,0.1,0.0
17.0,0.1,0.0
16.7,0.0,0.0
16.6,0.0,0.0
16.7,0.1,0.0
16.7,0.1,0.0
16.7,0.1,0.0
16.6,0.0,0.0
16.7,0.0,0.0
16.5,0.1,0.0
16.7,0.0,0.0
16.7,0.0,0.0
16.7,0.0,0.0
16.7,0.0,0.0
16.7,0.0,0.0
16.7,0.1,0.0
17.5,0.1,0.0
16.7,0.0,0.0
16.7,0.0,0.0
16.5,0.1,0.0
16.6,0.0,0.0
16.7,0.0,0.0
16.6,0.0,0.0
18.1,0.6,0.0
18.7,0.1,0.0
16.7,0.2,0.0
7.3,0.1,0.0
16.7,0.0,0.0
16.7,0.0,0.0
16.7,0.0,0.0
16.7,0.0,0.0
17.0,0.1,0.0
16.7,0.0,0.0
16.5,0.0,0.0
16.6,0.0,0.0
16.6,0.1,0.0
16.6,0.1,0.0
16.7,0.0,0.0
16.7,0.0,0.0
16.7,0.0,0.0
16.6,0.0,0.0
16.6,0.0,0.0
16.6,0.0,0.0
16.7,0.0,0.0
16.7,0.0,0.0
16.6,0.1,0.0
16.9,0.1,0.0
16.6,0.0,0.0
16.8,0.0,0.0
16.6,0.0,0.0
16.7,0.0,0.0
16.7,0.0,0.0
16.7,0.0,0.0
16.6,0.0,0.0
16.9,0.0,0.0
16.6,0.1,0.0
16.5,0.0,0.0
16.8,0.0,0.0
16.7,0.0,0.0
16.5,0.0,0.0
16.7,0.0,0.0
16.8,0.1,0.0
16.6,0.0,0.0
16.7,0.0,0.0
16.6,0.0,0.0
16.5,0.0,0.0
7.4,0.2,0.0
16.7,0.0,0.0
16.7,0.0,0.0
16.7,0.0,0.0
16.7,0.0,0.0
16.6,0.0,0.0
16.7,0.0,0.0
16.7,0.0,0.0
16.7,0.0,0.0
16.7,0.0,0.0
17.0,0.2,0.0
16.7,0.0,0.0
16.7,0.0,0.0
16.7,0.0,0.0
16.7,0.0,0.0
16.7,0.0,0.0
16.7,0.0,0.0
16.7,0.0,0.0
16.7,0.0,0.0
16.7,0.0,0.0
16.7,0.1,0.0
16.7,0.0,0.0
16.7,0.0,0.0
16.7,0.0,0.0
16.7,0.0,0.0
16.9,0.1,0.0
16.6,0.0,0.0
16.7,0.0,0.0
16.6,0.0,0.0
16.7,0.0,0.0
16.7,0.1,0.0
16.7,0.0,0.0
16.7,0.0,0.0
16.7,0.0,0.0
16.7,0.0,0.0
16.5,0.0,0.0
16.6,0.0,0.0
16.6,0.0,0.0
16.5,0.0,0.0
16.7,0.0,0.0
17.2,0.1,0.0
16.7,0.0,0.0
16.7,0.0,0.0
16.6,0.0,0.0
16.7,0.0,0.0
16.7,0.0,0.0
16.6,0.1,0.0
16.7,0.0,0.0
16.7,0.1,0.0
16.5,0.0,0.0
16.8,0.0,0.0
16.6,0.0,0.0
16.6,0.0,0.0
16.8,0.0,0.0
6.6,0.2,0.0
17.0,0.3,0.0
16.7,0.0,0.0
16.7,0.0,0.0
16.7,0.0,0.0
16.6,0.0,0.0
16.7,0.1,0.0
16.7,0.0,0.0
16.8,0.0,0.0
16.7,0.0,0.0
16.7,0.0,0.0
16.7,0.0,0.0
16.6,0.0,0.0
16.7,0.0,0.0
16.7,0.0,0.0
16.6,0.0,0.0
17.0,0.4,0.0
16.7,0.0,0.0
16.7,0.0,0.0
16.6,0.0,0.0
16.7,0.0,0.0
16.7,0.0,0.0
16.6,0.0,0.0
16.7,0.0,0.0
16.6,0.0,0.0
16.6,0.0,0.0
16.8,0.0,0.0
16.7,0.0,0.0
16.6,0.0,0.0
16.6,0.0,0.0
16.6,0.0,0.0
16.9,0.2,0.0
16.7,0.0,0.0
16.7,0.0,0.0
16.6,0.1,0.0
16.7,0.0,0.0
16.8,0.1,0.0
16.7,0.0,0.0
16.6,0.0,0.0
16.6,0.0,0.0
16.6,0.0,0.0
16.7,0.0,0.0
7.8,0.2,0.0
13.2,0.0,0.0
16.7,0.0,0.0
16.7,0.0,0.0
17.2,0.1,0.0
16.7,0.0,0.0
16.6,0.0,0.0
16.7,0.0,0.0
16.7,0.0,0.0
16.6,0.1,0.0
16.7,0.0,0.0
16.4,0.0,0.0
16.9,0.0,0.0
16.5,0.0,0.0
16.8,0.1,0.0
16.5,0.0,0.0
16.7,0.0,0.0
16.7,0.0,0.0
16.7,0.0,0.0
16.9,0.1,0.0
16.6,0.0,0.0
16.7,0.0,0.0
16.6,0.0,0.0
16.6,0.0,0.0
16.7,0.1,0.0
16.6,0.0,0.0
16.7,0.0,0.0
16.7,0.0,0.0
16.6,0.0,0.0
16.7,0.0,0.0
16.7,0.0,0.0
16.6,0.0,0.0
16.7,0.0,0.0
16.6,0.1,0.0
16.9,0.1,0.0
16.7,0.0,0.0
16.5,0.0,0.0
16.7,0.0,0.0
16.5,0.0,0.0
16.6,0.0,0.0
16.6,0.0,0.0
16.6,0.0,0.0
16.6,0.1,0.0
16.7,0.0,0.0
7.1,0.4,0.0
16.7,0.1,0.0
16.7,0.0,0.0
16.7,0.0,0.0
16.7,0.0,0.0
17.0,0.1,0.0
16.7,0.0,0.0
16.6,0.0,0.0
16.7,0.0,0.0
16.5,0.0,0.0
16.8,0.0,0.0
16.7,0.0,0.0
16.7,0.0,0.0
16.6,0.1,0.0
16.7,0.0,0.0
16.7,0.0,0.0
16.6,0.0,0.0
16.7,0.0,0.0
16.5,0.1,0.0
16.7,0.2,0.0
17.2,0.1,0.0
16.8,0.0,0.0
16.6,0.0,0.0
16.7,0.0,0.0
16.6,0.0,0.0
16.6,0.0,0.0
16.7,0.0,0.0
16.7,0.0,0.0
16.7,0.0,0.0
16.5,0.0,0.0
16.7,0.0,0.0
16.7,0.0,0.0
16.7,0.0,0.0
16.6,0.1,0.0
16.7,0.0,0.0
16.8,0.1,0.0
16.6,0.0,0.0
16.6,0.1,0.0
16.7,0.0,0.0
16.7,0.0,0.0
16.7,0.1,0.0
16.6,0.1,0.0
9.9,0.2,0.0
14.0,0.0,0.0
16.7,0.0,0.0
16.6,0.0,0.0
16.7,0.0,0.0
16.7,0.0,0.0
16.7,0.0,0.0
16.7,0.0,0.0
17.4,0.1,0.0
16.8,0.0,0.0
16.7,0.0,0.0
16.6,0.0,0.0
16.7,0.0,0.0
16.7,0.0,0.0
16.4,0.0,0.0
16.7,0.0,0.0
16.7,0.0,0.0
16.5,0.0,0.0
16.6,0.0,0.0
16.7,0.0,0.0
16.7,0.0,0.0
16.4,0.0,0.0
16.6,0.0,0.0
17.0,0.1,0.0
16.7,0.0,0.0
16.7,0.0,0.0
16.5,0.0,0.0
16.5,0.1,0.0
16.6,0.0,0.0
16.7,0.1,0.0
16.6,0.0,0.0
16.5,0.0,0.0
16.6,0.1,0.0
16.7,0.0,0.0
16.5,0.0,0.0
16.7,0.0,0.0
16.7,0.0,0.0
16.7,0.0,0.0
16.7,0.1,0.0
16.9,0.1,0.0
16.6,0.0,0.0
16.5,0.0,0.0
16.7,0.0,0.0
16.7,0.0,0.0
16.7,0.0,0.0
16.6,0.1,0.0
16.7,0.0,0.0
7.0,0.3,0.0
16.7,0.0,0.0
16.7,0.1,0.0
16.7,0.0,0.0
16.7,0.0,0.0
17.0,0.0,0.0
17.3,0.0,0.0
16.7,0.0,0.0
16.7,0.0,0.0
16.7,0.0,0.0
16.5,0.0,0.0
16.6,0.1,0.0
16.7,0.0,0.0
16.7,0.0,0.0
16.7,0.0,0.0
16.6,0.0,0.0
16.5,0.0,0.0
16.6,0.0,0.0
16.7,0.0,0.0
16.5,0.1,0.0
17.6,0.3,0.0
16.6,0.1,0.0
16.7,0.1,0.0
16.7,0.0,0.0
16.7,0.0,0.0
16.6,0.0,0.0
17.1,0.2,0.0
18.4,0.4,0.0
18.0,0.1,0.0
16.6,0.0,0.0
16.5,0.1,0.0
16.7,0.0,0.0
16.6,0.0,0.0
16.7,0.0,0.0
16.7,0.0,0.0
17.2,0.1,0.0
16.7,0.1,0.0
16.7,0.0,0.0
16.7,0.0,0.0
16.7,0.0,0.0
16.5,0.1,0.0
16.7,0.0,0.0
7.4,0.2,0.0
16.7,0.0,0.0
16.7,0.0,0.0
16.7,0.0,0.0
16.7,0.0,0.0
16.7,0.0,0.0
16.7,0.0,0.0
16.7,0.0,0.0
17.6,0.2,0.0
16.7,0.0,0.0
16.7,0.1,0.0
16.7,0.0,0.0
16.7,0.1,0.0
16.5,0.1,0.0
16.7,0.0,0.0
16.7,0.0,0.0
16.5,0.0,0.0
16.6,0.0,0.0
16.7,0.0,0.0
16.5,0.0,0.0
16.7,0.0,0.0
16.9,0.0,0.0
16.7,0.0,0.0
17.1,0.1,0.0
16.7,0.0,0.0
16.7,0.0,0.0
16.7,0.0,0.0
16.6,0.0,0.0
16.7,0.0,0.0
16.6,0.0,0.0
16.7,0.1,0.0
16.7,0.1,0.0
16.6,0.0,0.0
16.7,0.0,0.0
16.7,0.0,0.0
16.7,0.0,0.0
16.7,0.0,0.0
16.7,0.0,0.0
17.6,0.1,0.0
16.6,0.0,0.0
16.7,0.0,0.0
16.7,0.1,0.0
16.7,0.0,0.0
12.2,0.2,0.0
11.5,0.0,0.0
16.7,0.0,0.0
16.7,0.0,0.0
16.7,0.0,0.0
16.7,0.0,0.0
16.7,0.0,0.0
16.7,0.0,0.0
16.7,0.1,0.0
16.7,0.0,0.0
17.5,0.2,0.0
16.6,0.0,0.0
16.6,0.1,0.0
16.6,0.0,0.0
16.7,0.0,0.0
16.6,0.1,0.0
16.7,0.0,0.0
16.5,0.0,0.0
16.7,0.1,0.0
16.7,0.0,0.0
16.7,0.0,0.0
16.6,0.0,0.0
16.7,0.0,0.0
16.6,0.0,0.0
16.7,0.0,0.0
17.0,0.1,0.0
16.6,0.0,0.0
16.6,0.0,0.0
16.7,0.0,0.0
16.7,0.0,0.0
16.6,0.1,0.0
16.7,0.0,0.0
16.7,0.0,0.0
16.7,0.0,0.0
17.0,0.0,0.0
16.6,0.0,0.0
16.7,0.0,0.0
16.7,0.0,0.0
16.7,0.1,0.0
16.5,0.0,0.0
17.7,0.2,0.0
16.5,0.1,0.0
16.7,0.0,0.0
16.7,0.0,0.0
7.3,0.2,0.0
16.7,0.0,0.0
16.7,0.1,0.0
16.7,0.0,0.0
16.8,0.0,0.0
16.8,0.0,0.0
16.6,0.0,0.0
16.7,0.0,0.0
16.7,0.0,0.0
16.7,0.0,0.0
16.7,0.0,0.0
16.9,0.1,0.0
16.7,0.0,0.0
16.6,0.0,0.0
16.9,0.1,0.0
16.7,0.0,0.0
16.7,0.0,0.0
16.7,0.0,0.0
16.7,0.0,0.0
16.7,0.0,0.0
16.6,0.0,0.0
16.7,0.0,0.0
16.7,0.0,0.0
16.8,0.0,0.0
16.7,0.1,0.0
16.7,0.0,0.0
17.6,0.1,0.0
16.7,0.0,0.0
16.7,0.0,0.0
16.7,0.0,0.0
16.7,0.0,0.0
16.7,0.0,0.0
16.8,0.0,0.0
16.7,0.0,0.0
16.7,0.0,0.0
16.7,0.0,0.0
16.7,0.0,0.0
16.7,0.0,0.0
16.7,0.0,0.0
16.7,0.0,0.0
16.7,0.0,0.0
17.7,0.1,0.0
16.7,0.0,0.0
16.7,0.0,0.0
16.6,0.0,0.0
16.7,0.2,0.0
16.7,0.0,0.0
16.7,0.0,0.0
16.6,0.0,0.0
16.6,0.0,0.0
16.8,0.0,0.0
16.7,0.0,0.0
16.7,0.1,0.0
16.6,0.0,0.0
16.6,0.0,0.0
16.7,0.1,0.0
17.1,0.1,0.0
16.6,0.0,0.0
16.5,0.0,0.0
16.7,0.0,0.0
16.7,0.0,0.0
16.5,0.0,0.0
16.6,0.0,0.0
16.5,0.0,0.0
16.5,0.0,0.0
16.6,0.1,0.0
16.7,0.0,0.0
16.6,0.1,0.0
16.7,0.0,0.0
16.7,0.0,0.0
16.5,0.1,0.0
16.9,0.1,0.0
16.7,0.0,0.0
16.5,0.0,0.0
16.6,0.0,0.0
16.7,0.0,0.0
16.8,0.0,0.0
11.7,0.3,0.0
11.9,0.0,0.0
16.7,0.0,0.0
16.7,0.0,0.0
16.7,0.0,0.0
16.7,0.0,0.0
16.7,0.0,0.0
16.7,0.0,0.0
16.7,0.1,0.0
17.2,0.1,0.0
16.7,0.0,0.0
16.7,0.0,0.0
16.7,0.0,0.0
16.7,0.0,0.0
16.7,0.0,0.0
16.7,0.0,0.0
16.6,0.0,0.0
16.7,0.0,0.0
16.8,0.0,0.0
16.7,0.0,0.0
16.7,0.0,0.0
16.7,0.0,0.0
16.7,0.0,0.0
16.7,0.0,0.0
16.9,0.1,0.0
16.7,0.0,0.0
16.7,0.0,0.0
16.7,0.0,0.0
16.8,0.0,0.0
16.7,0.0,0.0
16.7,0.0,0.0
16.7,0.0,0.0
16.7,0.0,0.0
16.7,0.1,0.0
16.7,0.0,0.0
16.7,0.0,0.0
16.7,0.0,0.0
16.7,0.0,0.0
16.8,0.0,0.0
17.0,0.1,0.0
16.7,0.0,0.0
16.7,0.0,0.0
16.7,0.0,0.0
16.7,0.0,0.0
16.7,0.0,0.0
16.7,0.0,0.0
16.7,0.0,0.0
16.7,0.0,0.0
16.7,0.1,0.0
16.7,0.0,0.0
16.7,0.0,0.0
16.7,0.0,0.0
16.7,0.0,0.0
16.7,0.0,0.0
16.9,0.1,0.0
16.7,0.0,0.0
16.7,0.0,0.0
16.7,0.0,0.0
16.7,0.1,0.0
16.7,0.0,0.0
16.7,0.0,0.0
16.7,0.0,0.0
16.7,0.0,0.0
16.7,0.0,0.0
16.7,0.0,0.0
16.7,0.0,0.0
16.7,0.0,0.0
16.7,0.0,0.0
16.8,0.0,0.0
17.2,0.1,0.0
16.5,0.0,0.0
16.5,0.0,0.0
16.7,0.0,0.0
16.7,0.0,0.0
16.6,0.0,0.0
16.7,0.0,0.0
16.7,0.0,0.0
16.7,0.0,0.0
16.7,0.1,0.0
16.3,0.0,0.0
16.5,0.0,0.0
16.4,0.0,0.0
16.3,0.0,0.0
16.3,0.1,0.0
17.1,0.1,0.0
16.3,0.0,0.0
16.5,0.0,0.0
16.4,0.0,0.0
16.5,0.0,0.0
16.4,0.1,0.0
16.4,0.0,0.0
16.2,0.1,0.0
16.2,0.1,0.0
16.4,0.1,0.0
16.3,0.1,0.0
16.5,0.0,0.0
16.4,0.1,0.0
16.4,0.0,0.0
16.7,0.1,0.0
16.7,0.2,0.0
16.3,0.0,0.0
16.5,0.0,0.0
16.4,0.1,0.0
16.3,0.0,0.0
16.2,0.1,0.0
7.1,0.1,0.0
16.7,0.0,0.0
16.7,0.0,0.0
16.8,0.0,0.0
16.7,0.0,0.0
16.7,0.0,0.0
16.7,0.0,0.0
16.7,0.0,0.0
16.7,0.0,0.0
16.9,0.1,0.0
16.7,0.0,0.0
16.8,0.0,0.0
16.7,0.0,0.0
16.7,0.0,0.0
16.7,0.0,0.0
16.7,0.0,0.0
17.5,0.5,0.0
18.6,0.1,0.0
17.2,0.1,0.0
16.7,0.0,0.0
16.8,0.0,0.0
16.7,0.0,0.0
16.7,0.0,0.0
16.8,0.0,0.0
17.0,0.1,0.0
16.7,0.0,0.0
16.7,0.0,0.0
16.7,0.0,0.0
16.7,0.0,0.0
16.8,0.0,0.0
16.7,0.0,0.0
16.7,0.0,0.0
16.7,0.1,0.0
16.7,0.0,0.0
16.7,0.1,0.0
16.7,0.0,0.0
16.7,0.0,0.0
16.7,0.0,0.0
16.7,0.0,0.0
16.9,0.2,0.0
16.7,0.0,0.0
16.7,0.0,0.0
16.7,0.0,0.0
16.7,0.0,0.0
16.7,0.1,0.0
16.7,0.0,0.0
16.7,0.0,0.0
16.7,0.1,0.0
17.0,0.0,0.0
16.7,0.0,0.0
16.6,0.0,0.0
16.7,0.0,0.0
16.7,0.0,0.0
16.7,0.0,0.0
17.1,0.2,0.0
16.7,0.0,0.0
16.7,0.0,0.0
16.7,0.0,0.0
16.7,0.0,0.0
16.7,0.0,0.0
16.7,0.0,0.0
16.7,0.0,0.0
16.7,0.0,0.0
16.6,0.0,0.0
16.8,0.0,0.0
16.7,0.0,0.0
16.7,0.0,0.0
16.7,0.0,0.0
16.7,0.0,0.0
16.9,0.1,0.0
16.7,0.0,0.0
16.7,0.0,0.0
16.7,0.0,0.0
16.7,0.0,0.0
16.8,0.0,0.0
16.7,0.0,0.0
16.7,0.0,0.0
16.7,0.0,0.0
16.7,0.0,0.0
16.7,0.0,0.0
16.7,0.0,0.0
16.7,0.0,0.0
16.7,0.0,0.0
16.6,0.0,0.0
16.9,0.1,0.0
16.1,0.0,0.0
16.0,0.1,0.0
16.4,0.0,0.0
16.4,0.0,0.0
16.4,0.0,0.0
16.4,0.0,0.0
16.4,0.1,0.0
16.3,0.0,0.0
16.4,0.0,0.0
16.5,0.1,0.0
16.5,0.0,0.0
16.4,0.0,0.0
16.5,0.0,0.0
16.4,0.1,0.0
16.9,0.1,0.0
16.3,0.0,0.0
16.3,0.0,0.0
16.4,0.0,0.0
16.4,0.1,0.0
16.3,0.0,0.0
16.4,0.0,0.0
16.2,0.0,0.0
16.4,0.0,0.0
16.5,0.0,0.0
16.5,0.0,0.0
16.3,0.1,0.0
16.3,0.0,0.0
16.3,0.0,0.0
16.3,0.0,0.0
17.1,0.1,0.0
16.5,0.0,0.0
16.4,0.0,0.0
16.4,0.0,0.0
12.5,0.3,0.0
10.6,0.0,0.0
16.7,0.0,0.0
16.7,0.0,0.0
16.7,0.0,0.0
16.7,0.0,0.0
16.7,0.1,0.0
16.7,0.0,0.0
16.7,0.0,0.0
16.7,0.0,0.0
16.7,0.0,0.0
17.3,0.6,0.0
16.7,0.0,0.0
16.6,0.0,0.0
16.7,0.0,0.0
16.7,0.0,0.0
16.7,0.1,0.0
16.7,0.0,0.0
16.7,0.0,0.0
16.7,0.0,0.0
16.8,0.0,0.0
16.7,0.0,0.0
16.7,0.0,0.0
16.7,0.0,0.0
16.7,0.0,0.0
16.7,0.0,0.0
17.2,0.4,0.0
16.7,0.0,0.0
16.7,0.0,0.0
16.8,0.0,0.0
16.6,0.0,0.0
16.7,0.0,0.0
16.7,0.0,0.0
16.6,0.0,0.0
16.7,0.0,0.0
16.7,0.0,0.0
16.7,0.0,0.0
16.7,0.0,0.0
16.8,0.0,0.0
16.7,0.0,0.0
16.7,0.0,0.0
17.2,0.1,0.0
16.7,0.0,0.0
16.7,0.0,0.0
16.7,0.0,0.0
16.7,0.0,0.0
16.7,0.1,0.0
16.8,0.0,0.0
16.7,0.0,0.0
16.7,0.0,0.0
16.9,0.0,0.0
16.7,0.0,0.0
16.7,0.1,0.0
16.7,0.0,0.0
16.7,0.0,0.0
16.7,0.0,0.0
17.4,0.1,0.0
16.7,0.0,0.0
16.7,0.0,0.0
16.7,0.0,0.0
16.7,0.0,0.0
16.7,0.0,0.0
16.7,0.0,0.0
16.7,0.0,0.0
16.7,0.0,0.0
16.8,0.0,0.0
16.8,0.0,0.0
16.7,0.0,0.0
16.7,0.0,0.0
16.7,0.0,0.0
16.7,0.0,0.0
17.2,0.1,0.0
16.7,0.0,0.0
16.7,0.0,0.0
16.7,0.0,0.0
16.7,0.0,0.0
16.7,0.1,0.0
16.7,0.0,0.0
16.7,0.0,0.0
16.7,0.0,0.0
16.7,0.0,0.0
16.7,0.0,0.0
16.7,0.0,0.0
16.7,0.0,0.0
16.7,0.0,0.0
16.7,0.0,0.0
17.2,0.1,0.0
16.7,0.0,0.0
16.7,0.0,0.0
16.7,0.0,0.0
16.7,0.0,0.0
16.7,0.0,0.0
16.7,0.0,0.0
16.7,0.0,0.0
16.7,0.0,0.0
16.6,0.0,0.0
16.7,0.0,0.0
16.7,0.1,0.0
16.7,0.0,0.0
16.7,0.0,0.0
16.7,0.0,0.0
17.9,0.1,0.0
16.7,0.0,0.0
16.7,0.0,0.0
16.7,0.0,0.0
16.6,0.0,0.0
16.5,0.0,0.0
16.4,0.1,0.0
16.6,0.0,0.0
16.3,0.1,0.0
16.5,0.1,0.0
16.3,0.0,0.0
16.4,0.0,0.0
16.5,0.0,0.0
16.3,0.0,0.0
16.5,0.0,0.0
17.0,0.2,0.0
16.5,0.0,0.0
16.8,0.0,0.0
16.5,0.0,0.0
16.3,0.0,0.0
16.2,0.2,0.0
16.4,0.0,0.0
16.6,0.0,0.0
16.5,0.0,0.0
16.7,0.0,0.0
16.6,0.0,0.0
16.6,0.1,0.0
16.4,0.0,0.0
16.5,0.0,0.0
16.5,0.1,0.0
16.8,0.1,0.0
16.5,0.0,0.0
16.6,0.0,0.0
16.4,0.0,0.0
16.4,0.1,0.0
16.5,0.1,0.0
16.5,0.2,0.0
16.6,0.0,0.0
16.6,0.0,0.0
8.5,0.2,0.0
15.1,0.0,0.0
16.7,0.0,0.0
16.7,0.0,0.0
16.7,0.0,0.0
16.7,0.0,0.0
17.2,0.1,0.0
16.7,0.1,0.0
16.7,0.0,0.0
16.7,0.0,0.0
16.7,0.0,0.0
16.7,0.0,0.0
16.7,0.0,0.0
16.7,0.1,0.0
16.8,0.0,0.0
16.7,0.0,0.0
16.7,0.0,0.0
16.8,0.0,0.0
16.7,0.0,0.0
16.7,0.0,0.0
16.7,0.0,0.0
17.3,0.2,0.0
16.7,0.0,0.0
16.8,0.0,0.0
16.6,0.0,0.0
16.7,0.0,0.0
16.7,0.0,0.0
16.7,0.2,0.0
16.7,0.0,0.0
16.7,0.0,0.0
17.0,0.0,0.0
16.7,0.0,0.0
16.7,0.0,0.0
16.7,0.0,0.0
16.7,0.0,0.0
16.7,0.0,0.0
17.8,0.1,0.0
16.7,0.1,0.0
16.7,0.0,0.0
16.7,0.0,0.0
16.7,0.0,0.0
16.8,0.0,0.0
16.7,0.0,0.0
16.7,0.0,0.0
16.7,0.0,0.0
16.7,0.0,0.0
16.7,0.0,0.0
16.8,0.0,0.0
16.7,0.0,0.0
16.7,0.0,0.0
16.7,0.0,0.0
17.2,0.1,0.0
16.7,0.0,0.0
16.7,0.0,0.0
16.7,0.0,0.0
16.7,0.0,0.0
16.7,0.0,0.0
18.1,0.7,0.0
18.6,0.1,0.0
16.7,0.1,0.0
16.7,0.0,0.0
16.7,0.0,0.0
16.7,0.0,0.0
16.6,0.0,0.0
16.7,0.0,0.0
16.7,0.0,0.0
17.0,0.1,0.0
16.7,0.1,0.0
16.7,0.0,0.0
16.7,0.0,0.0
16.7,0.0,0.0
16.7,0.0,0.0
16.7,0.0,0.0
16.7,0.0,0.0
16.7,0.0,0.0
16.7,0.0,0.0
16.7,0.0,0.0
16.7,0.0,0.0
17.1,0.0,0.0
16.7,0.0,0.0
16.7,0.0,0.0
17.2,0.1,0.0
16.7,0.0,0.0
16.6,0.0,0.0
16.7,0.0,0.0
16.7,0.1,0.0
16.6,0.0,0.0
16.8,0.0,0.0
16.7,0.0,0.0
16.7,0.0,0.0
16.7,0.0,0.0
16.7,0.0,0.0
16.7,0.0,0.0
16.7,0.1,0.0
16.7,0.0,0.0
16.7,0.0,0.0
17.2,0.1,0.0
16.5,0.0,0.0
16.5,0.1,0.0
16.4,0.0,0.0
16.3,0.0,0.0
16.4,0.0,0.0
16.4,0.0,0.0
16.3,0.0,0.0
16.5,0.0,0.0
16.6,0.0,0.0
16.6,0.0,0.0
16.6,0.0,0.0
16.5,0.1,0.0
16.5,0.0,0.0
16.5,0.0,0.0
17.1,0.0,0.0
16.5,0.0,0.0
16.5,0.0,0.0
16.6,0.0,0.0
16.6,0.1,0.0
16.4,0.0,0.0
16.4,0.0,0.0
16.6,0.1,0.0
16.6,0.0,0.0
16.4,0.0,0.0
16.5,0.0,0.0
16.4,0.1,0.0
16.6,0.0,0.0
16.5,0.0,0.0
16.5,0.0,0.0
16.6,0.1,0.0
16.6,0.0,0.0
16.6,0.1,0.0
16.5,0.1,0.0
16.4,0.0,0.0
16.4,0.0,0.0
7.3,0.2,0.0
16.7,0.0,0.0
16.7,0.0,0.0
16.7,0.0,0.0
16.7,0.0,0.0
16.7,0.0,0.0
16.7,0.1,0.0
16.7,0.0,0.0
16.7,0.0,0.0
17.2,0.1,0.0
16.7,0.0,0.0
16.7,0.0,0.0
16.7,0.0,0.0
16.7,0.0,0.0
16.7,0.0,0.0
16.7,0.0,0.0
16.7,0.1,0.0
16.7,0.1,0.0
17.1,0.0,0.0
16.7,0.0,0.0
16.7,0.0,0.0
16.7,0.0,0.0
16.7,0.0,0.0
16.7,0.0,0.0
17.2,0.1,0.0
16.7,0.0,0.0
16.7,0.1,0.0
16.7,0.0,0.0
16.7,0.0,0.0
16.7,0.0,0.0
16.7,0.0,0.0
16.7,0.0,0.0
16.7,0.0,0.0
16.7,0.0,0.0
16.7,0.0,0.0
16.7,0.0,0.0
16.9,0.0,0.0
16.7,0.0,0.0
16.7,0.0,0.0
16.9,0.2,0.0
16.6,0.0,0.0
16.7,0.0,0.0
16.7,0.0,0.0
16.7,0.0,0.0
16.7,0.0,0.0
16.7,0.0,0.0
16.8,0.0,0.0
16.7,0.0,0.0
16.7,0.0,0.0
16.7,0.0,0.0
16.7,0.0,0.0
16.7,0.0,0.0
16.7,0.0,0.0
16.7,0.0,0.0
17.2,0.1,0.0
16.6,0.0,0.0
16.7,0.1,0.0
16.7,0.0,0.0
16.7,0.0,0.0
16.7,0.0,0.0
16.7,0.0,0.0
16.7,0.0,0.0
16.7,0.0,0.0
16.7,0.0,0.0
16.7,0.0,0.0
16.7,0.0,0.0
16.7,0.0,0.0
16.8,0.0,0.0
16.7,0.0,0.0
17.0,0.0,0.0
16.7,0.0,0.0
16.7,0.0,0.0
16.7,0.0,0.0
16.7,0.0,0.0
16.7,0.0,0.0
16.7,0.0,0.0
16.7,0.0,0.0
16.7,0.1,0.0
16.7,0.0,0.0
16.7,0.1,0.0
16.7,0.1,0.0
16.7,0.0,0.0
16.7,0.0,0.0
16.7,0.0,0.0
16.9,0.1,0.0
16.7,0.0,0.0
16.7,0.0,0.0
16.7,0.0,0.0
16.7,0.0,0.0
16.7,0.1,0.0
16.6,0.0,0.0
16.7,0.0,0.0
16.7,0.0,0.0
16.7,0.0,0.0
16.7,0.0,0.0
16.7,0.0,0.0
16.7,0.0,0.0
16.7,0.1,0.0
16.5,0.0,0.0
17.1,0.2,0.0
16.4,0.0,0.0
16.4,0.0,0.0
16.6,0.1,0.0
16.4,0.0,0.0
16.4,0.0,0.0
16.5,0.1,0.0
16.4,0.0,0.0
16.4,0.0,0.0
16.2,0.0,0.0
16.5,0.0,0.0
16.3,0.1,0.0
16.3,0.0,0.0
16.5,0.0,0.0
16.4,0.0,0.0
16.7,0.1,0.0
16.4,0.0,0.0
16.5,0.0,0.0
16.7,0.1,0.0
16.3,0.0,0.0
16.4,0.0,0.0
16.5,0.0,0.0
16.4,0.0,0.0
16.5,0.0,0.0
16.5,0.0,0.0
16.5,0.1,0.0
16.4,0.0,0.0
16.5,0.0,0.0
16.6,0.1,0.0
16.5,0.0,0.0
16.6,0.0,0.0
16.2,0.1,0.0
16.5,0.1,0.0
6.4,0.2,0.0
17.1,0.2,0.0
16.7,0.0,0.0
16.7,0.0,0.0
16.6,0.0,0.0
16.7,0.0,0.0
16.9,0.0,0.0
16.7,0.0,0.0
16.7,0.0,0.0
16.7,0.0,0.0
16.7,0.0,0.0
16.7,0.0,0.0
16.7,0.0,0.0
16.7,0.0,0.0
16.7,0.0,0.0
16.8,0.0,0.0
16.6,0.0,0.0
16.7,0.0,0.0
16.7,0.0,0.0
16.7,0.0,0.0
16.7,0.0,0.0
16.7,0.0,0.0
16.7,0.0,0.0
16.7,0.0,0.0
16.7,0.0,0.0
16.7,0.0,0.0
16.7,0.0,0.0
16.7,0.0,0.0
16.7,0.0,0.0
16.7,0.0,0.0
16.7,0.0,0.0
16.7,0.0,0.0
16.7,0.0,0.0
16.7,0.0,0.0
16.7,0.0,0.0
16.7,0.0,0.0
17.3,0.2,0.0
16.7,0.0,0.0
16.7,0.0,0.0
16.7,0.0,0.0
16.7,0.0,0.0
16.7,0.0,0.0
16.7,0.0,0.0
16.7,0.0,0.0
16.7,0.0,0.0
17.5,0.2,0.0
16.7,0.0,0.0
16.7,0.0,0.0
16.8,0.0,0.0
16.7,0.0,0.0
16.7,0.0,0.0
16.7,0.0,0.0
16.7,0.0,0.0
16.7,0.0,0.0
16.7,0.0,0.0
16.7,0.1,0.0
16.7,0.0,0.0
17.1,0.1,0.0
16.7,0.0,0.0
16.7,0.0,0.0
16.6,0.1,0.0
16.7,0.0,0.0
16.7,0.0,0.0
16.7,0.0,0.0
16.7,0.0,0.0
16.8,0.0,0.0
16.8,0.0,0.0
16.7,0.0,0.0
16.7,0.0,0.0
16.7,0.0,0.0
16.7,0.1,0.0
17.1,0.1,0.0
16.7,0.0,0.0
16.7,0.0,0.0
16.7,0.0,0.0
16.6,0.0,0.0
16.7,0.0,0.0
16.7,0.0,0.0
16.7,0.0,0.0
16.7,0.0,0.0
16.7,0.0,0.0
16.7,0.0,0.0
16.7,0.0,0.0
16.7,0.0,0.0
16.7,0.0,0.0
16.7,0.0,0.0
17.1,0.0,0.0
16.7,0.0,0.0
16.7,0.0,0.0
16.7,0.0,0.0
16.6,0.0,0.0
16.6,0.0,0.0
17.1,0.1,0.0
18.3,0.5,0.0
18.0,0.1,0.0
16.7,0.0,0.0
16.7,0.0,0.0
16.7,0.0,0.0
16.7,0.0,0.0
16.6,0.0,0.0
16.4,0.0,0.0
17.3,0.1,0.0
16.4,0.0,0.0
16.4,0.0,0.0
16.5,0.0,0.0
16.4,0.0,0.0
16.7,0.0,0.0
16.4,0.0,0.0
16.5,0.0,0.0
16.4,0.0,0.0
16.4,0.0,0.0
16.4,0.0,0.0
16.5,0.0,0.0
16.5,0.0,0.0
16.4,0.0,0.0
16.5,0.0,0.0
16.8,0.1,0.0
16.4,0.0,0.0
16.5,0.0,0.0
16.2,0.0,0.0
16.5,0.0,0.0
16.4,0.1,0.0
16.5,0.0,0.0
16.4,0.1,0.0
16.6,0.0,0.0
16.6,0.0,0.0
16.8,0.2,0.0
16.5,0.0,0.0
16.5,0.0,0.0
16.6,0.0,0.0
16.5,0.0,0.0
17.0,0.1,0.0
16.4,0.1,0.0
16.4,0.0,0.0
7.0,0.1,0.0
16.7,0.0,0.0
16.7,0.0,0.0
16.7,0.0,0.0
16.6,0.0,0.0
16.7,0.0,0.0
16.7,0.0,0.0
16.7,0.0,0.0
16.7,0.0,0.0
16.7,0.0,0.0
16.7,0.0,0.0
16.7,0.0,0.0
17.5,0.1,0.0
16.6,0.0,0.0
16.7,0.0,0.0
16.7,0.0,0.0
16.7,0.0,0.0
16.7,0.0,0.0
16.7,0.0,0.0
16.7,0.0,0.0
16.7,0.0,0.0
16.7,0.0,0.0
16.7,0.1,0.0
16.7,0.1,0.0
16.7,0.0,0.0
16.7,0.0,0.0
16.6,0.0,0.0
17.2,0.1,0.0
16.7,0.0,0.0
16.7,0.0,0.0
16.7,0.0,0.0
16.7,0.0,0.0
16.9,0.1,0.0
16.7,0.1,0.0
16.6,0.0,0.0
16.7,0.0,0.0
16.7,0.0,0.0
16.6,0.1,0.0
16.7,0.1,0.0
16.7,0.0,0.0
16.7,0.0,0.0
16.8,0.0,0.0
17.0,0.1,0.0
16.6,0.0,0.0
16.7,0.0,0.0
16.7,0.0,0.0
16.7,0.0,0.0
16.7,0.0,0.0
16.7,0.0,0.0
16.7,0.0,0.0
16.8,0.0,0.0
16.7,0.0,0.0
16.8,0.0,0.0
16.7,0.0,0.0
16.7,0.0,0.0
16.7,0.0,0.0
16.7,0.0,0.0
16.9,0.1,0.0
16.7,0.0,0.0
16.7,0.0,0.0
16.6,0.0,0.0
16.7,0.0,0.0
16.7,0.1,0.0
16.7,0.0,0.0
16.6,0.0,0.0
16.7,0.0,0.0
16.6,0.0,0.0
16.7,0.0,0.0
16.6,0.0,0.0
16.7,0.0,0.0
16.7,0.0,0.0
16.7,0.0,0.0
17.2,0.1,0.0
16.7,0.0,0.0
16.7,0.0,0.0
16.7,0.0,0.0
16.7,0.0,0.0
16.7,0.0,0.0
16.7,0.0,0.0
16.7,0.0,0.0
16.7,0.0,0.0
16.7,0.0,0.0
16.7,0.1,0.0
16.7,0.0,0.0
16.7,0.0,0.0
16.7,0.0,0.0
16.7,0.0,0.0
17.0,0.2,0.0
16.7,0.0,0.0
16.7,0.0,0.0
16.7,0.0,0.0
16.7,0.0,0.0
16.7,0.0,0.0
16.7,0.0,0.0
16.7,0.0,0.0
16.7,0.0,0.0
16.8,0.0,0.0
16.6,0.0,0.0
16.6,0.0,0.0
16.3,0.0,0.0
16.4,0.0,0.0
16.5,0.0,0.0
17.3,0.2,0.0
16.4,0.0,0.0
16.4,0.0,0.0
16.4,0.0,0.0
16.3,0.1,0.0
16.3,0.0,0.0
16.3,0.0,0.0
16.3,0.0,0.0
16.5,0.0,0.0
16.8,0.1,0.0
16.5,0.0,0.0
16.4,0.1,0.0
16.5,0.0,0.0
16.6,0.0,0.0
16.5,0.0,0.0
16.6,0.1,0.0
16.5,0.0,0.0
16.4,0.0,0.0
16.3,0.0,0.0
16.6,0.0,0.0
16.4,0.0,0.0
16.6,0.1,0.0
16.5,0.0,0.0
16.4,0.0,0.0
16.6,0.0,0.0
16.4,0.1,0.0
16.6,0.0,0.0
16.6,0.0,0.0
16.6,0.0,0.0
16.4,0.0,0.0
16.9,0.1,0.0
9.6,0.2,0.0
13.9,0.0,0.0
16.7,0.0,0.0
16.7,0.0,0.0
16.7,0.0,0.0
16.7,0.0,0.0
16.7,0.0,0.0
16.7,0.0,0.0
16.7,0.0,0.0
16.7,0.0,0.0
16.7,0.1,0.0
16.7,0.0,0.0
16.7,0.0,0.0
16.7,0.0,0.0
17.2,0.2,0.0
16.7,0.0,0.0
16.7,0.0,0.0
16.8,0.0,0.0
16.7,0.0,0.0
16.7,0.0,0.0
16.7,0.0,0.0
16.7,0.0,0.0
16.7,0.0,0.0
16.7,0.0,0.0
16.7,0.0,0.0
16.7,0.0,0.0
16.8,0.0,0.0
16.7,0.0,0.0
16.7,0.0,0.0
17.2,0.1,0.0
16.7,0.0,0.0
16.7,0.0,0.0
16.7,0.0,0.0
16.7,0.0,0.0
16.7,0.0,0.0
16.7,0.0,0.0
16.7,0.0,0.0
16.7,0.0,0.0
16.7,0.1,0.0
16.7,0.0,0.0
16.8,0.0,0.0
16.7,0.0,0.0
16.7,0.0,0.0
16.6,0.0,0.0
17.1,0.2,0.0
16.7,0.0,0.0
16.7,0.0,0.0
16.7,0.0,0.0
16.7,0.0,0.0
16.7,0.0,0.0
16.7,0.0,0.0
16.7,0.0,0.0
16.7,0.0,0.0
16.7,0.0,0.0
16.7,0.0,0.0
16.7,0.0,0.0
16.7,0.0,0.0
16.7,0.0,0.0
16.7,0.0,0.0
16.9,0.0,0.0
16.7,0.0,0.0
16.7,0.0,0.0
16.7,0.0,0.0
16.7,0.0,0.0
16.7,0.0,0.0
16.7,0.0,0.0
16.7,0.0,0.0
16.7,0.0,0.0
16.7,0.0,0.0
16.6,0.0,0.0
16.8,0.0,0.0
16.7,0.0,0.0
16.7,0.0,0.0
16.7,0.0,0.0
17.6,0.1,0.0
16.7,0.0,0.0
16.7,0.0,0.0
16.7,0.0,0.0
16.7,0.0,0.0
16.7,0.0,0.0
16.7,0.1,0.0
16.7,0.0,0.0
16.7,0.0,0.0
16.7,0.0,0.0
16.7,0.0,0.0
16.7,0.0,0.0
16.7,0.0,0.0
16.7,0.0,0.0
16.7,0.0,0.0
17.4,0.4,0.0
16.9,0.0,0.0
16.7,0.0,0.0
16.7,0.0,0.0
16.6,0.0,0.0
16.7,0.0,0.0
16.7,0.0,0.0
16.7,0.0,0.0
16.7,0.0,0.0
17.0,0.1,0.0
16.7,0.0,0.0
16.7,0.1,0.0
16.7,0.0,0.0
16.7,0.0,0.0
16.7,0.0,0.0
17.1,0.4,0.0
16.7,0.0,0.0
16.7,0.0,0.0
16.4,0.0,0.0
16.6,0.0,0.0
16.4,0.1,0.0
16.5,0.0,0.0
16.3,0.1,0.0
16.3,0.0,0.0
16.5,0.1,0.0
16.5,0.0,0.0
16.5,0.0,0.0
16.5,0.0,0.0
16.8,0.0,0.0
16.4,0.1,0.0
17.0,0.4,0.0
16.5,0.1,0.0
16.5,0.0,0.0
16.3,0.1,0.0
16.4,0.0,0.0
16.3,0.1,0.0
17.4,0.4,0.0
18.7,0.1,0.0
17.0,0.3,0.0
16.5,0.0,0.0
16.4,0.0,0.0
16.5,0.2,0.0
16.6,0.0,0.0
16.4,0.1,0.0
16.4,0.0,0.0
17.0,0.1,0.0
16.8,0.0,0.0
16.6,0.0,0.0
16.5,0.0,0.0
16.5,0.0,0.0
16.6,0.0,0.0
16.5,0.1,0.0
16.5,0.0,0.0
7.1,0.2,0.0
16.7,0.0,0.0
16.7,0.0,0.0
16.7,0.0,0.0
16.7,0.0,0.0
16.7,0.0,0.0
16.7,0.0,0.0
17.0,0.0,0.0
16.8,0.0,0.0
16.7,0.0,0.0
16.7,0.0,0.0
16.8,0.0,0.0
16.7,0.0,0.0
16.7,0.0,0.0
16.7,0.0,0.0
16.7,0.0,0.0
16.7,0.0,0.0
16.7,0.0,0.0
16.7,0.0,0.0
16.7,0.1,0.0
16.6,0.0,0.0
16.7,0.0,0.0
17.7,0.3,0.0
16.7,0.0,0.0
16.7,0.0,0.0
16.6,0.0,0.0
16.7,0.0,0.0
16.7,0.0,0.0
16.6,0.0,0.0
16.7,0.1,0.0
16.7,0.0,0.0
16.7,0.0,0.0
16.7,0.0,0.0
16.7,0.0,0.0
16.7,0.0,0.0
16.7,0.0,0.0
16.7,0.0,0.0
17.2,0.1,0.0
16.7,0.0,0.0
16.8,0.0,0.0
16.7,0.0,0.0
16.7,0.0,0.0
16.7,0.0,0.0
16.7,0.0,0.0
16.7,0.0,0.0
16.7,0.0,0.0
16.7,0.0,0.0
16.7,0.0,0.0
16.7,0.0,0.0
16.8,0.0,0.0
16.7,0.0,0.0
16.7,0.0,0.0
17.1,0.1,0.0
16.7,0.0,0.0
16.7,0.0,0.0
16.7,0.0,0.0
16.7,0.0,0.0
16.8,0.0,0.0
16.6,0.0,0.0
16.7,0.0,0.0
16.7,0.0,0.0
16.7,0.0,0.0
16.6,0.0,0.0
16.7,0.0,0.0
16.7,0.0,0.0
16.7,0.0,0.0
16.8,0.0,0.0
17.2,0.1,0.0
16.7,0.0,0.0
16.7,0.0,0.0
16.7,0.0,0.0
16.7,0.0,0.0
16.7,0.0,0.0
16.7,0.0,0.0
16.7,0.0,0.0
16.8,0.0,0.0
16.9,0.1,0.0
16.7,0.1,0.0
16.7,0.0,0.0
16.8,0.0,0.0
16.7,0.0,0.0
16.7,0.0,0.0
16.9,0.1,0.0
16.7,0.0,0.0
16.8,0.0,0.0
16.7,0.0,0.0
16.7,0.0,0.0
16.7,0.0,0.0
16.7,0.0,0.0
16.8,0.0,0.0
16.7,0.0,0.0
16.7,0.0,0.0
16.7,0.0,0.0
16.7,0.0,0.0
16.7,0.0,0.0
16.7,0.0,0.0
16.7,0.0,0.0
16.9,0.1,0.0
16.7,0.0,0.0
16.8,0.0,0.0
16.7,0.0,0.0
16.7,0.0,0.0
16.8,0.0,0.0
16.7,0.0,0.0
16.7,0.0,0.0
16.7,0.0,0.0
16.6,0.0,0.0
16.5,0.0,0.0
16.4,0.0,0.0
16.5,0.0,0.0
16.4,0.0,0.0
16.3,0.1,0.0
16.7,0.1,0.0
16.5,0.0,0.0
16.4,0.0,0.0
16.4,0.0,0.0
16.4,0.1,0.0
16.3,0.0,0.0
16.5,0.0,0.0
16.5,0.1,0.0
16.4,0.0,0.0
16.4,0.0,0.0
16.2,0.0,0.0
16.5,0.0,0.0
16.4,0.0,0.0
16.5,0.0,0.0
16.5,0.1,0.0
16.8,0.0,0.0
16.4,0.1,0.0
16.7,0.0,0.0
16.5,0.0,0.0
16.5,0.1,0.0
16.3,0.0,0.0
16.2,0.1,0.0
16.5,0.0,0.0
16.6,0.0,0.0
16.6,0.0,0.0
16.6,0.0,0.0
16.7,0.1,0.0
16.6,0.2,0.0
16.6,0.0,0.0
9.6,0.3,0.0
13.9,0.1,0.0
16.7,0.0,0.0
16.5,0.0,0.0
16.6,0.1,0.0
16.6,0.0,0.0
16.8,0.0,0.0
16.7,0.0,0.0
16.6,0.0,0.0
16.7,0.0,0.0
16.6,0.0,0.0
16.6,0.0,0.0
16.7,0.0,0.0
16.7,0.0,0.0
16.5,0.0,0.0
16.8,0.0,0.0
16.9,0.1,0.0
16.5,0.0,0.0
16.7,0.1,0.0
16.7,0.0,0.0
16.7,0.0,0.0
16.5,0.0,0.0
16.6,0.0,0.0
16.7,0.0,0.0
16.8,0.0,0.0
16.7,0.0,0.0
16.7,0.0,0.0
16.7,0.0,0.0
16.6,0.0,0.0
16.7,0.0,0.0
16.7,0.0,0.0
17.2,0.1,0.0
16.6,0.0,0.0
16.7,0.0,0.0
16.7,0.0,0.0
16.7,0.0,0.0
6.7,0.2,0.0
16.7,0.0,0.0
16.7,0.0,0.0
16.7,0.1,0.0
16.7,0.0,0.0
16.6,0.0,0.0
16.7,0.0,0.0
16.6,0.0,0.0
16.5,0.0,0.0
16.6,0.0,0.0
16.6,0.0,0.0
16.7,0.1,0.0
16.5,0.0,0.0
16.7,0.1,0.0
16.6,0.0,0.0
16.6,0.1,0.0
16.6,0.1,0.0
16.6,0.0,0.0
16.6,0.1,0.0
16.6,0.0,0.0
16.9,0.1,0.0
16.6,0.1,0.0
16.7,0.0,0.0
16.8,0.1,0.0
16.7,0.0,0.0
16.7,0.0,0.0
16.7,0.1,0.0
16.6,0.1,0.0
16.6,0.1,0.0
16.5,0.1,0.0
16.7,0.0,0.0
16.6,0.1,0.0
16.7,0.0,0.0
16.8,0.0,0.0
15.6,0.1,0.0
7.9,0.2,0.0
16.7,0.0,0.0
16.7,0.0,0.0
16.7,0.0,0.0
16.5,0.0,0.0
16.7,0.0,0.0
16.8,0.0,0.0
16.5,0.0,0.0
16.8,0.0,0.0
16.7,0.0,0.0
16.7,0.0,0.0
16.6,0.0,0.0
16.6,0.0,0.0
16.7,0.0,0.0
16.5,0.0,0.0
16.7,0.1,0.0
16.7,0.0,0.0
16.5,0.0,0.0
16.7,0.1,0.0
16.7,0.0,0.0
16.6,0.0,0.0
16.5,0.0,0.0
16.6,0.0,0.0
16.7,0.0,0.0
16.6,0.0,0.0
16.6,0.0,0.0
16.7,0.0,0.0
16.4,0.0,0.0
16.8,0.0,0.0
16.6,0.0,0.0
16.7,0.0,0.0
17.3,0.1,0.0
16.7,0.0,0.0
16.7,0.0,0.0
16.6,0.0,0.0
16.7,0.0,0.0
6.7,0.2,0.0
16.7,0.0,0.0
16.7,0.1,0.0
16.7,0.0,0.0
16.7,0.0,0.0
16.7,0.0,0.0
16.5,0.0,0.0
16.6,0.0,0.0
16.7,0.0,0.0
16.6,0.0,0.0
16.5,0.0,0.0
16.6,0.0,0.0
16.8,0.0,0.0
16.7,0.0,0.0
16.5,0.0,0.0
16.6,0.0,0.0
16.7,0.0,0.0
16.6,0.1,0.0
16.7,0.0,0.0
16.6,0.0,0.0
16.5,0.0,0.0
16.7,0.0,0.0
16.8,0.1,0.0
16.8,0.0,0.0
16.7,0.0,0.0
16.6,0.0,0.0
16.7,0.0,0.0
16.7,0.0,0.0
16.7,0.0,0.0
16.6,0.0,0.0
16.7,0.0,0.0
16.6,0.0,0.0
16.8,0.1,0.0
16.6,0.0,0.0
16.6,0.0,0.0
18.1,0.5,0.0
18.6,0.1,0.0
16.7,0.0,0.0
6.8,0.3,0.0
16.7,0.0,0.0
16.7,0.0,0.0
17.1,0.1,0.0
16.7,0.0,0.0
16.7,0.0,0.0
16.7,0.0,0.0
16.6,0.0,0.0
16.7,0.0,0.0
16.7,0.0,0.0
16.7,0.0,0.0
16.6,0.0,0.0
16.8,0.0,0.0
16.6,0.0,0.0
16.7,0.1,0.0
16.6,0.1,0.0
16.7,0.0,0.0
16.7,0.0,0.0
16.5,0.1,0.0
16.6,0.0,0.0
16.6,0.0,0.0
16.6,0.0,0.0
16.7,0.0,0.0
16.6,0.1,0.0
17.0,0.1,0.0
16.8,0.1,0.0
16.7,0.0,0.0
16.7,0.0,0.0
16.6,0.0,0.0
16.7,0.0,0.0
16.9,0.0,0.0
16.7,0.0,0.0
16.5,0.0,0.0
16.7,0.0,0.0
16.7,0.0,0.0
16.8,0.0,0.0
7.4,0.3,0.0
16.6,0.0,0.0
16.7,0.0,0.0
16.7,0.0,0.0
16.7,0.0,0.0
16.5,0.0,0.0
16.7,0.0,0.0
16.6,0.1,0.0
16.6,0.1,0.0
16.7,0.0,0.0
16.7,0.0,0.0
16.6,0.1,0.0
16.7,0.0,0.0
16.6,0.0,0.0
16.7,0.0,0.0
16.9,0.1,0.0
16.7,0.0,0.0
16.7,0.0,0.0
16.4,0.0,0.0
16.7,0.1,0.0
16.7,0.0,0.0
16.6,0.0,0.0
16.6,0.1,0.0
16.6,0.0,0.0
16.6,0.1,0.0
16.6,0.0,0.0
16.7,0.0,0.0
16.6,0.1,0.0
16.7,0.0,0.0
16.6,0.1,0.0
16.9,0.1,0.0
16.6,0.0,0.0
16.6,0.0,0.0
16.6,0.1,0.0
16.6,0.0,0.0
16.7,0.0,0.0
16.7,0.0,0.0
7.8,0.3,0.0
16.0,0.0,0.0
16.8,0.1,0.0
16.7,0.0,0.0
16.7,0.0,0.0
16.5,0.0,0.0
16.6,0.0,0.0
16.6,0.0,0.0
16.9,0.1,0.0
16.6,0.0,0.0
16.7,0.0,0.0
16.5,0.0,0.0
16.7,0.1,0.0
16.5,0.0,0.0
16.7,0.0,0.0
16.5,0.0,0.0
16.7,0.1,0.0
16.7,0.0,0.0
16.5,0.0,0.0
16.8,0.0,0.0
16.6,0.0,0.0
16.6,0.0,0.0
16.7,0.1,0.0
17.0,0.1,0.0
16.6,0.1,0.0
16.6,0.0,0.0
16.7,0.0,0.0
16.7,0.0,0.0
16.6,0.1,0.0
16.6,0.0,0.0
16.6,0.0,0.0
16.5,0.0,0.0
16.8,0.0,0.0
16.6,0.1,0.0
16.5,0.1,0.0
16.7,0.0,0.0
7.3,0.2,0.0
16.8,0.0,0.0
17.5,0.1,0.0
16.7,0.0,0.0
16.5,0.0,0.0
16.6,0.0,0.0
16.6,0.0,0.0
16.5,0.1,0.0
16.7,0.0,0.0
16.7,0.0,0.0
16.6,0.1,0.0
16.7,0.0,0.0
16.7,0.0,0.0
16.6,0.1,0.0
16.7,0.0,0.0
16.6,0.1,0.0
16.7,0.1,0.0
17.1,0.1,0.0
16.7,0.0,0.0
16.7,0.0,0.0
16.7,0.0,0.0
16.6,0.1,0.0
16.7,0.0,0.0
16.3,0.2,0.0
16.4,0.0,0.0
16.7,0.0,0.0
16.8,0.1,0.0
16.7,0.0,0.0
16.6,0.0,0.0
16.7,0.0,0.0
16.7,0.0,0.0
16.5,0.0,0.0
17.0,0.1,0.0
16.7,0.0,0.0
16.6,0.0,0.0
15.1,0.1,0.0
8.7,0.2,0.0
16.7,0.0,0.0
16.7,0.0,0.0
16.5,0.1,0.0
16.7,0.0,0.0
16.9,0.0,0.0
16.7,0.0,0.0
16.6,0.0,0.0
16.6,0.0,0.0
16.5,0.0,0.0
16.7,0.0,0.0
17.5,0.1,0.0
16.7,0.0,0.0
16.6,0.0,0.0
16.5,0.0,0.0
16.6,0.0,0.0
16.7,0.0,0.0
16.5,0.0,0.0
16.6,0.0,0.0
16.6,0.0,0.0
16.7,0.1,0.0
16.6,0.0,0.0
16.7,0.0,0.0
16.3,0.0,0.0
16.3,0.0,0.0
16.6,0.0,0.0
17.1,0.0,0.0
16.7,0.0,0.0
16.6,0.0,0.0
16.6,0.0,0.0
16.6,0.0,0.0
16.8,0.0,0.0
16.6,0.0,0.0
16.6,0.1,0.0
16.7,0.0,0.0
10.9,0.1,0.0
12.2,0.0,0.0
16.7,0.0,0.0
16.7,0.0,0.0
16.7,0.0,0.0
16.7,0.0,0.0
17.0,0.2,0.0
16.7,0.0,0.0
16.6,0.0,0.0
16.6,0.0,0.0
16.7,0.0,0.0
16.7,0.0,0.0
16.6,0.0,0.0
16.6,0.0,0.0
16.6,0.0,0.0
16.7,0.0,0.0
16.7,0.1,0.0
16.7,0.0,0.0
16.7,0.0,0.0
16.7,0.0,0.0
16.7,0.0,0.0
16.9,0.1,0.0
16.3,0.0,0.0
16.7,0.0,0.0
16.7,0.0,0.0
16.4,0.0,0.0
16.6,0.0,0.0
16.7,0.0,0.0
16.8,0.0,0.0
16.7,0.0,0.0
16.7,0.0,0.0
16.5,0.0,0.0
16.7,0.0,0.0
16.7,0.0,0.0
16.5,0.0,0.0
16.7,0.0,0.0
17.1,0.1,0.0
7.2,0.3,0.0
16.7,0.0,0.0
16.7,0.0,0.0
16.7,0.0,0.0
16.7,0.0,0.0
16.7,0.0,0.0
16.6,0.0,0.0
16.7,0.0,0.0
16.6,0.0,0.0
16.9,0.0,0.0
16.7,0.0,0.0
16.6,0.0,0.0
16.6,0.1,0.0
16.6,0.1,0.0
17.1,0.0,0.0
16.7,0.0,0.0
16.7,0.0,0.0
16.5,0.0,0.0
16.6,0.0,0.0
16.7,0.1,0.0
16.7,0.0,0.0
16.7,0.0,0.0
16.6,0.0,0.0
16.5,0.0,0.0
16.4,0.0,0.0
16.7,0.0,0.0
16.7,0.0,0.0
16.8,0.0,0.0
16.6,0.0,0.0
17.5,0.2,0.0
16.7,0.0,0.0
16.6,0.0,0.0
16.5,0.0,0.0
16.7,0.0,0.0
16.7,0.0,0.0
16.6,0.0,0.0
16.6,0.0,0.0
16.6,0.0,0.0
16.6,0.0,0.0
7.2,0.3,0.0
16.7,0.0,0.0
16.7,0.0,0.0
16.7,0.0,0.0
16.7,0.0,0.0
16.8,0.1,0.0
16.7,0.0,0.0
16.6,0.0,0.0
16.7,0.0,0.0
16.5,0.0,0.0
16.7,0.1,0.0
16.7,0.0,0.0
16.7,0.0,0.0
16.5,0.0,0.0
17.0,0.0,0.0
16.6,0.0,0.0
16.6,0.0,0.0
16.7,0.0,0.0
16.7,0.0,0.0
16.7,0.1,0.0
17.5,0.0,0.0
16.7,0.0,0.0
16.7,0.0,0.0
16.6,0.0,0.0
16.7,0.0,0.0
16.6,0.0,0.0
16.7,0.0,0.0
16.6,0.1,0.0
16.5,0.0,0.0
16.6,0.1,0.0
16.7,0.1,0.0
16.6,0.0,0.0
16.7,0.0,0.0
16.5,0.0,0.0
17.1,0.1,0.0
16.6,0.0,0.0
16.6,0.0,0.0
16.6,0.0,0.0
16.5,0.0,0.0
16.5,0.1,0.0
7.2,0.1,0.0
17.2,0.2,0.0
18.3,0.5,0.0
17.9,0.2,0.0
16.7,0.0,0.0
16.7,0.0,0.0
16.7,0.0,0.0
16.7,0.0,0.0
16.7,0.0,0.0
17.1,0.0,0.0
16.8,0.0,0.0
16.7,0.0,0.0
16.7,0.0,0.0
16.7,0.0,0.0
16.7,0.0,0.0
16.7,0.0,0.0
16.7,0.0,0.0
16.7,0.0,0.0
16.7,0.0,0.0
16.7,0.0,0.0
16.7,0.0,0.0
16.6,0.1,0.0
16.7,0.0,0.0
16.7,0.0,0.0
17.0,0.1,0.0
16.7,0.0,0.0
16.7,0.0,0.0
16.7,0.0,0.0
16.5,0.0,0.0
16.7,0.0,0.0
16.7,0.1,0.0
16.6,0.0,0.0
16.6,0.1,0.0
16.7,0.1,0.0
16.6,0.1,0.0
16.6,0.1,0.0
16.6,0.1,0.0
16.7,0.1,0.0
16.5,0.0,0.0
17.2,0.1,0.0
16.7,0.0,0.0
16.7,0.1,0.0
16.7,0.0,0.0
16.6,0.1,0.0
16.7,0.0,0.0
16.7,0.0,0.0
16.7,0.0,0.0
16.6,0.1,0.0
16.7,0.0,0.0
16.6,0.1,0.0
16.7,0.0,0.0
16.8,0.1,0.0
16.6,0.1,0.0
16.2,0.1,0.0
7.9,0.4,0.0
16.8,0.0,0.0
16.7,0.0,0.0
16.7,0.0,0.0
16.7,0.0,0.0
16.7,0.0,0.0
16.7,0.0,0.0
16.7,0.1,0.0
16.7,0.0,0.0
16.5,0.0,0.0
16.7,0.1,0.0
16.5,0.0,0.0
16.7,0.0,0.0
16.6,0.0,0.0
16.6,0.1,0.0
16.9,0.1,0.0
16.7,0.0,0.0
16.6,0.1,0.0
16.6,0.0,0.0
16.8,0.0,0.0
16.7,0.0,0.0
16.6,0.1,0.0
16.6,0.0,0.0
16.7,0.0,0.0
16.7,0.0,0.0
16.7,0.0,0.0
16.6,0.0,0.0
16.4,0.1,0.0
16.8,0.1,0.0
16.6,0.0,0.0
16.9,0.1,0.0
16.7,0.0,0.0
16.7,0.0,0.0
16.7,0.0,0.0
16.7,0.0,0.0
16.6,0.0,0.0
16.5,0.0,0.0
16.7,0.0,0.0
16.6,0.0,0.0
16.7,0.1,0.0
17.0,0.0,0.0
16.6,0.0,0.0
7.1,0.2,0.0
16.7,0.0,0.0
16.7,0.0,0.0
16.9,0.0,0.0
16.7,0.0,0.0
16.7,0.0,0.0
16.7,0.0,0.0
16.7,0.0,0.0
16.7,0.0,0.0
16.7,0.0,0.0
16.7,0.0,0.0
16.7,0.0,0.0
16.7,0.0,0.0
16.6,0.0,0.0
16.6,0.0,0.0
16.8,0.0,0.0
16.7,0.0,0.0
16.6,0.0,0.0
16.7,0.1,0.0
16.6,0.0,0.0
16.5,0.0,0.0
16.7,0.0,0.0
16.6,0.0,0.0
16.7,0.0,0.0
16.6,0.0,0.0
16.8,0.1,0.0
16.7,0.0,0.0
16.5,0.0,0.0
16.6,0.0,0.0
16.7,0.0,0.0
16.7,0.0,0.0
16.6,0.0,0.0
16.5,0.0,0.0
17.3,0.1,0.0
16.6,0.0,0.0
16.7,0.1,0.0
16.7,0.0,0.0
16.7,0.0,0.0
16.7,0.0,0.0
16.7,0.0,0.0
16.7,0.0,0.0
16.6,0.0,0.0
16.7,0.0,0.0
12.1,0.2,0.0
11.5,0.0,0.0
16.7,0.1,0.0
16.6,0.0,0.0
16.7,0.0,0.0
16.9,0.1,0.0
16.6,0.0,0.0
16.6,0.0,0.0
16.7,0.0,0.0
16.7,0.0,0.0
16.5,0.0,0.0
16.6,0.1,0.0
16.8,0.1,0.0
16.7,0.0,0.0
16.6,0.0,0.0
16.7,0.0,0.0
16.6,0.1,0.0
16.6,0.0,0.0
16.4,0.0,0.0
16.7,0.0,0.0
16.9,0.1,0.0
16.7,0.0,0.0
16.7,0.1,0.0
16.6,0.0,0.0
16.6,0.0,0.0
16.7,0.0,0.0
16.7,0.0,0.0
16.7,0.0,0.0
16.7,0.0,0.0
16.5,0.0,0.0
16.7,0.0,0.0
16.8,0.0,0.0
16.6,0.0,0.0
16.7,0.1,0.0
16.5,0.0,0.0
17.2,0.2,0.0
16.6,0.1,0.0
16.6,0.0,0.0
16.6,0.1,0.0
16.5,0.0,0.0
16.8,0.1,0.0
16.5,0.0,0.0
16.6,0.1,0.0
6.7,0.3,0.0
16.7,0.0,0.0
16.7,0.0,0.0
16.7,0.0,0.0
16.7,0.0,0.0
16.7,0.0,0.0
16.8,0.0,0.0
17.5,0.1,0.0
16.7,0.0,0.0
16.7,0.0,0.0
16.8,0.0,0.0
16.7,0.0,0.0
16.7,0.0,0.0
16.7,0.0,0.0
16.5,0.0,0.0
16.8,0.0,0.0
16.6,0.0,0.0
16.7,0.0,0.0
16.7,0.0,0.0
16.6,0.0,0.0
16.5,0.2,0.0
16.6,0.1,0.0
16.6,0.0,0.0
16.7,0.0,0.0
16.7,0.0,0.0
16.5,0.0,0.0
16.6,0.0,0.0
16.6,0.0,0.0
17.0,0.1,0.0
16.6,0.0,0.0
16.6,0.1,0.0
16.7,0.1,0.0
16.9,0.0,0.0
16.7,0.0,0.0
16.7,0.0,0.0
16.7,0.0,0.0
16.6,0.1,0.0
16.7,0.0,0.0
16.6,0.0,0.0
16.7,0.0,0.0
16.7,0.1,0.0
16.8,0.0,0.0
16.6,0.0,0.0
16.6,0.1,0.0
16.7,0.0,0.0
16.7,0.0,0.0
14.5,0.1,0.0
8.6,0.1,0.0
16.7,0.0,0.0
16.7,0.0,0.0
16.9,0.0,0.0
16.7,0.0,0.0
16.7,0.0,0.0
16.7,0.0,0.0
16.7,0.0,0.0
16.7,0.0,0.0
16.4,0.0,0.0
16.6,0.0,0.0
16.6,0.1,0.0
16.7,0.0,0.0
16.7,0.2,0.0
16.7,0.0,0.0
16.6,0.1,0.0
16.7,0.0,0.0
16.6,0.0,0.0
16.5,0.0,0.0
16.6,0.1,0.0
16.7,0.0,0.0
16.8,0.1,0.0
16.6,0.0,0.0
16.7,0.2,0.0
16.7,0.1,0.0
16.7,0.0,0.0
17.0,0.1,0.0
16.6,0.1,0.0
16.7,0.0,0.0
16.6,0.0,0.0
16.8,0.0,0.0
16.6,0.0,0.0
16.6,0.0,0.0
16.8,0.0,0.0
16.6,0.0,0.0
16.7,0.1,0.0
16.6,0.1,0.0
16.6,0.0,0.0
16.7,0.0,0.0
16.6,0.0,0.0
16.7,0.0,0.0
14.9,0.1,0.0
8.4,0.2,0.0
16.7,0.1,0.0
16.7,0.1,0.0
16.7,0.0,0.0
16.7,0.0,0.0
16.7,0.0,0.0
16.8,0.0,0.0
16.7,0.0,0.0
16.7,0.0,0.0
16.7,0.0,0.0
16.7,0.0,0.0
16.7,0.1,0.0
16.7,0.0,0.0
16.5,0.1,0.0
16.7,0.0,0.0
16.8,0.0,0.0
16.5,0.0,0.0
16.7,0.0,0.0
16.7,0.0,0.0
16.6,0.0,0.0
16.6,0.0,0.0
16.7,0.1,0.0
16.7,0.0,0.0
16.7,0.0,0.0
16.8,0.0,0.0
16.6,0.0,0.0
16.5,0.0,0.0
16.6,0.0,0.0
16.7,0.0,0.0
17.4,0.6,0.0
18.6,0.1,0.0
17.3,0.2,0.0
17.0,0.2,0.0
16.5,0.0,0.0
16.6,0.0,0.0
16.5,0.0,0.0
16.7,0.0,0.0
16.5,0.0,0.0
16.6,0.0,0.0
16.6,0.0,0.0
16.6,0.0,0.0
16.7,0.1,0.0
16.6,0.0,0.0
10.5,0.3,0.0
12.7,0.0,0.0
16.7,0.0,0.0
16.7,0.0,0.0
16.7,0.0,0.0
16.7,0.0,0.0
16.6,0.0,0.0
16.7,0.0,0.0
16.7,0.0,0.0
16.7,0.1,0.0
16.6,0.0,0.0
16.6,0.0,0.0
16.6,0.0,0.0
16.5,0.0,0.0
16.7,0.0,0.0
16.6,0.0,0.0
16.6,0.0,0.0
17.0,0.4,0.0
16.5,0.0,0.0
16.7,0.2,0.0
17.0,0.0,0.0
16.6,0.0,0.0
16.6,0.0,0.0
16.7,0.1,0.0
16.7,0.0,0.0
17.0,0.2,0.0
16.6,0.0,0.0
16.7,0.0,0.0
16.7,0.0,0.0
16.5,0.0,0.0
16.7,0.0,0.0
16.6,0.0,0.0
16.7,0.0,0.0
16.5,0.0,0.0
16.8,0.0,0.0
16.7,0.0,0.0
16.5,0.0,0.0
16.6,0.0,0.0
16.7,0.0,0.0
16.7,0.0,0.0
17.4,0.1,0.0
16.7,0.0,0.0
16.6,0.1,0.0
16.8,0.0,0.0
7.0,0.1,0.0
16.7,0.0,0.0
16.7,0.0,0.0
16.6,0.0,0.0
16.7,0.0,0.0
16.8,0.0,0.0
16.7,0.0,0.0
16.7,0.0,0.0
16.7,0.0,0.0
16.7,0.0,0.0
16.7,0.0,0.0
17.5,0.0,0.0
16.7,0.0,0.0
16.7,0.0,0.0
16.7,0.0,0.0
16.8,0.0,0.0
16.7,0.0,0.0
16.8,0.0,0.0
16.7,0.0,0.0
16.7,0.0,0.0
16.7,0.0,0.0
16.7,0.0,0.0
16.7,0.0,0.0
16.7,0.0,0.0
16.7,0.0,0.0
16.7,0.1,0.0
17.5,0.1,0.0
16.7,0.0,0.0
16.6,0.0,0.0
16.7,0.0,0.0
16.7,0.0,0.0
16.7,0.0,0.0
16.6,0.0,0.0
16.7,0.0,0.0
16.7,0.0,0.0
16.7,0.1,0.0
16.7,0.0,0.0
16.7,0.0,0.0
16.7,0.0,0.0
16.7,0.0,0.0
16.7,0.0,0.0
17.0,0.1,0.0
16.7,0.0,0.0
16.7,0.0,0.0
16.7,0.0,0.0
16.8,0.0,0.0
16.7,0.0,0.0
16.5,0.0,0.0
16.6,0.0,0.0
16.6,0.0,0.0
16.7,0.0,0.0
16.7,0.0,0.0
16.5,0.0,0.0
16.6,0.0,0.0
16.5,0.0,0.0
16.6,0.1,0.0
17.1,0.2,0.0
16.7,0.0,0.0
16.6,0.1,0.0
16.6,0.0,0.0
16.6,0.0,0.0
16.6,0.0,0.0
16.7,0.0,0.0
16.7,0.0,0.0
16.6,0.0,0.0
16.6,0.0,0.0
16.5,0.0,0.0
16.7,0.0,0.0
16.7,0.0,0.0
16.6,0.0,0.0
16.7,0.0,0.0
17.1,0.1,0.0
16.7,0.0,0.0
16.6,0.0,0.0
16.6,0.0,0.0
16.6,0.1,0.0
16.7,0.0,0.0
11.7,0.2,0.0
11.9,0.0,0.0
16.7,0.0,0.0
16.7,0.0,0.0
16.7,0.0,0.0
16.7,0.0,0.0
16.7,0.0,0.0
16.6,0.0,0.0
16.7,0.0,0.0
17.1,0.1,0.0
16.7,0.0,0.0
16.7,0.0,0.0
16.7,0.0,0.0
16.7,0.0,0.0
16.7,0.0,0.0
16.7,0.0,0.0
16.7,0.0,0.0
16.7,0.0,0.0
16.8,0.1,0.0
17.0,0.0,0.0
16.7,0.0,0.0
16.7,0.0,0.0
16.7,0.0,0.0
16.7,0.1,0.0
17.7,0.1,0.0
16.7,0.0,0.0
16.7,0.0,0.0
16.7,0.0,0.0
16.7,0.1,0.0
16.7,0.0,0.0
16.7,0.0,0.0
16.7,0.0,0.0
16.7,0.0,0.0
16.7,0.0,0.0
16.7,0.0,0.0
16.7,0.0,0.0
16.6,0.0,0.0
16.7,0.0,0.0
16.7,0.1,0.0
17.2,0.0,0.0
16.7,0.0,0.0
16.7,0.0,0.0
16.7,0.1,0.0
16.7,0.1,0.0
16.7,0.0,0.0
16.7,0.0,0.0
16.7,0.0,0.0
16.7,0.0,0.0
16.7,0.0,0.0
16.7,0.0,0.0
16.7,0.0,0.0
16.7,0.0,0.0
16.7,0.0,0.0
16.7,0.0,0.0
17.6,0.3,0.0
16.7,0.0,0.0
16.7,0.0,0.0
16.7,0.0,0.0
16.8,0.1,0.0
16.7,0.0,0.0
16.7,0.0,0.0
16.7,0.0,0.0
16.7,0.0,0.0
16.7,0.0,0.0
16.7,0.0,0.0
16.7,0.0,0.0
16.7,0.0,0.0
16.7,0.0,0.0
16.7,0.0,0.0
17.1,0.3,0.0
16.7,0.0,0.0
16.6,0.0,0.0
16.7,0.0,0.0
16.5,0.2,0.0
16.7,0.0,0.0
16.6,0.0,0.0
16.6,0.0,0.0
16.6,0.0,0.0
16.6,0.0,0.0
16.8,0.1,0.0
16.5,0.0,0.0
16.5,0.0,0.0
16.4,0.0,0.0
16.5,0.0,0.0
16.8,0.1,0.0
16.3,0.0,0.0
16.4,0.0,0.0
16.4,0.0,0.0
16.5,0.0,0.0
16.7,0.1,0.0
16.6,0.0,0.0
16.4,0.0,0.0
16.1,0.1,0.0
16.0,0.1,0.0
16.3,0.1,0.0
16.4,0.0,0.0
16.4,0.0,0.0
16.4,0.0,0.0
16.5,0.0,0.0
17.0,0.2,0.0
16.4,0.0,0.0
16.5,0.0,0.0
16.4,0.1,0.0
16.5,0.0,0.0
16.3,0.0,0.0
6.0,0.3,0.0
16.7,0.0,0.0
16.7,0.0,0.0
16.7,0.0,0.0
16.7,0.1,0.0
16.8,0.0,0.0
16.7,0.0,0.0
16.7,0.0,0.0
16.7,0.0,0.0
17.0,0.0,0.0
16.7,0.0,0.0
16.7,0.0,0.0
16.7,0.0,0.0
16.7,0.0,0.0
16.8,0.0,0.0
16.7,0.0,0.0
16.7,0.0,0.0
16.7,0.0,0.0
16.7,0.0,0.0
16.7,0.0,0.0
16.7,0.0,0.0
16.7,0.0,0.0
16.7,0.0,0.0
16.7,0.0,0.0
17.2,0.0,0.0
16.7,0.0,0.0
16.7,0.0,0.0
16.7,0.0,0.0
16.7,0.0,0.0
16.7,0.0,0.0
16.7,0.0,0.0
16.7,0.0,0.0
16.7,0.0,0.0
16.7,0.0,0.0
16.8,0.0,0.0
16.7,0.0,0.0
16.7,0.0,0.0
16.7,0.0,0.0
16.7,0.0,0.0
16.9,0.1,0.0
16.7,0.0,0.0
16.7,0.0,0.0
16.7,0.0,0.0
16.7,0.0,0.0
16.7,0.1,0.0
16.7,0.0,0.0
16.7,0.0,0.0
16.7,0.0,0.0
16.7,0.0,0.0
16.7,0.0,0.0
16.7,0.0,0.0
16.7,0.0,0.0
16.7,0.0,0.0
16.7,0.0,0.0
17.0,0.1,0.0
16.7,0.0,0.0
16.7,0.0,0.0
16.7,0.0,0.0
16.7,0.0,0.0
16.7,0.0,0.0
18.1,0.6,0.0
18.6,0.1,0.0
16.7,0.1,0.0
16.7,0.0,0.0
16.7,0.1,0.0
16.7,0.0,0.0
16.7,0.0,0.0
16.7,0.0,0.0
16.7,0.0,0.0
17.6,0.3,0.0
16.7,0.0,0.0
16.7,0.0,0.0
16.7,0.0,0.0
16.7,0.0,0.0
16.8,0.0,0.0
16.7,0.0,0.0
16.7,0.0,0.0
16.7,0.0,0.0
16.7,0.0,0.0
16.7,0.0,0.0
16.7,0.0,0.0
16.7,0.0,0.0
16.7,0.0,0.0
16.7,0.0,0.0
16.7,0.1,0.0
16.3,0.1,0.0
16.2,0.1,0.0
16.4,0.0,0.0
16.4,0.0,0.0
16.6,0.0,0.0
16.6,0.0,0.0
16.5,0.0,0.0
16.2,0.1,0.0
16.2,0.0,0.0
16.7,0.1,0.0
16.6,0.0,0.0
16.3,0.1,0.0
16.5,0.0,0.0
16.4,0.0,0.0
16.6,0.1,0.0
16.4,0.0,0.0
16.4,0.0,0.0
16.5,0.0,0.0
16.5,0.0,0.0
16.5,0.0,0.0
16.5,0.0,0.0
16.5,0.0,0.0
16.5,0.0,0.0
16.4,0.1,0.0
16.5,0.0,0.0
16.4,0.0,0.0
16.4,0.0,0.0
16.4,0.0,0.0
16.6,0.0,0.0
17.0,0.1,0.0
16.5,0.1,0.0
16.5,0.0,0.0
16.5,0.0,0.0
11.1,0.2,0.0
12.2,0.0,0.0
16.7,0.0,0.0
16.7,0.0,0.0
16.7,0.0,0.0
16.7,0.0,0.0
16.7,0.0,0.0
16.7,0.1,0.0
16.7,0.0,0.0
16.7,0.1,0.0
16.7,0.0,0.0
17.2,0.0,0.0
16.7,0.0,0.0
16.7,0.0,0.0
16.7,0.0,0.0
16.7,0.0,0.0
16.7,0.0,0.0
16.7,0.1,0.0
16.7,0.0,0.0
16.7,0.0,0.0
16.7,0.0,0.0
16.7,0.0,0.0
16.7,0.0,0.0
16.7,0.0,0.0
16.7,0.0,0.0
16.7,0.1,0.0
16.9,0.0,0.0
16.8,0.1,0.0
16.7,0.0,0.0
16.7,0.0,0.0
16.7,0.0,0.0
16.7,0.0,0.0
16.7,0.0,0.0
16.7,0.0,0.0
16.7,0.1,0.0
16.7,0.0,0.0
16.9,0.0,0.0
16.8,0.0,0.0
16.7,0.0,0.0
16.7,0.0,0.0
16.7,0.0,0.0
17.3,0.3,0.0
16.7,0.0,0.0
16.7,0.0,0.0
16.7,0.0,0.0
16.7,0.0,0.0
16.7,0.0,0.0
16.8,0.0,0.0
16.7,0.0,0.0
16.7,0.0,0.0
16.8,0.0,0.0
16.7,0.0,0.0
16.7,0.0,0.0
16.7,0.0,0.0
16.7,0.0,0.0
16.7,0.0,0.0
17.1,0.1,0.0
16.7,0.0,0.0
16.7,0.0,0.0
16.8,0.0,0.0
16.7,0.0,0.0
16.7,0.0,0.0
16.7,0.0,0.0
16.7,0.0,0.0
16.7,0.0,0.0
16.7,0.0,0.0
16.7,0.0,0.0
16.8,0.1,0.0
16.8,0.0,0.0
16.7,0.0,0.0
16.7,0.0,0.0
17.0,0.1,0.0
16.7,0.0,0.0
16.7,0.0,0.0
16.7,0.0,0.0
16.7,0.0,0.0
16.7,0.0,0.0
16.7,0.0,0.0
16.7,0.0,0.0
16.7,0.0,0.0
16.7,0.0,0.0
16.7,0.0,0.0
16.7,0.0,0.0
16.7,0.0,0.0
16.7,0.0,0.0
16.7,0.0,0.0
16.9,0.1,0.0
16.7,0.1,0.0
16.7,0.0,0.0
16.7,0.0,0.0
16.7,0.0,0.0
16.7,0.0,0.0
16.7,0.0,0.0
16.7,0.0,0.0
16.7,0.0,0.0
16.7,0.0,0.0
16.7,0.1,0.0
16.7,0.1,0.0
16.7,0.0,0.0
16.7,0.0,0.0
16.7,0.0,0.0
17.2,0.1,0.0
16.7,0.0,0.0
16.7,0.0,0.0
16.7,0.0,0.0
16.5,0.0,0.0
16.4,0.0,0.0
16.5,0.0,0.0
16.5,0.0,0.0
16.5,0.0,0.0
16.4,0.0,0.0
16.4,0.0,0.0
16.3,0.1,0.0
16.5,0.0,0.0
16.4,0.0,0.0
16.4,0.0,0.0
17.0,0.1,0.0
16.5,0.1,0.0
16.4,0.1,0.0
16.3,0.1,0.0
16.4,0.0,0.0
16.4,0.0,0.0
16.6,0.0,0.0
16.5,0.0,0.0
16.6,0.0,0.0
16.5,0.0,0.0
16.5,0.0,0.0
16.6,0.1,0.0
16.3,0.1,0.0
16.5,0.0,0.0
16.6,0.0,0.0
16.9,0.1,0.0
16.5,0.0,0.0
16.5,0.0,0.0
16.3,0.0,0.0
16.5,0.0,0.0
16.4,0.0,0.0
16.5,0.1,0.0
16.6,0.0,0.0
16.5,0.0,0.0
6.6,0.3,0.0
16.2,0.0,0.0
16.7,0.0,0.0
16.7,0.0,0.0
16.7,0.0,0.0
16.7,0.0,0.0
16.7,0.0,0.0
17.0,0.1,0.0
16.7,0.0,0.0
16.7,0.0,0.0
16.7,0.0,0.0
16.7,0.0,0.0
16.7,0.0,0.0
16.7,0.0,0.0
16.7,0.0,0.0
16.7,0.0,0.0
16.9,0.0,0.0
16.8,0.1,0.0
16.7,0.0,0.0
16.7,0.0,0.0
16.7,0.0,0.0
16.7,0.0,0.0
16.7,0.0,0.0
16.7,0.0,0.0
16.7,0.0,0.0
16.7,0.0,0.0
16.7,0.0,0.0
16.7,0.0,0.0
16.9,0.0,0.0
16.7,0.0,0.0
16.7,0.0,0.0
16.7,0.0,0.0
16.7,0.0,0.0
16.7,0.0,0.0
16.7,0.0,0.0
16.7,0.0,0.0
16.7,0.0,0.0
16.8,0.0,0.0
16.7,0.1,0.0
16.7,0.0,0.0
16.7,0.0,0.0
16.7,0.0,0.0
16.7,0.0,0.0
16.7,0.0,0.0
16.7,0.0,0.0
16.7,0.0,0.0
16.8,0.0,0.0
16.7,0.0,0.0
16.7,0.1,0.0
16.7,0.0,0.0
16.7,0.0,0.0
16.7,0.0,0.0
16.7,0.0,0.0
17.4,0.2,0.0
16.7,0.0,0.0
16.7,0.0,0.0
16.7,0.0,0.0
16.7,0.0,0.0
16.8,0.0,0.0
16.7,0.0,0.0
16.7,0.0,0.0
16.7,0.0,0.0
16.7,0.0,0.0
16.8,0.0,0.0
16.7,0.0,0.0
16.7,0.0,0.0
16.7,0.0,0.0
16.7,0.0,0.0
16.7,0.1,0.0
16.7,0.0,0.0
16.7,0.0,0.0
16.7,0.0,0.0
16.7,0.0,0.0
16.7,0.0,0.0
16.7,0.0,0.0
16.7,0.0,0.0
16.7,0.0,0.0
16.7,0.0,0.0
16.8,0.0,0.0
16.7,0.0,0.0
16.7,0.0,0.0
16.7,0.0,0.0
16.7,0.0,0.0
16.7,0.0,0.0
16.7,0.0,0.0
16.7,0.0,0.0
16.7,0.0,0.0
16.7,0.0,0.0
16.8,0.1,0.0
16.7,0.0,0.0
16.7,0.0,0.0
16.7,0.0,0.0
16.7,0.0,0.0
16.7,0.0,0.0
16.7,0.0,0.0
16.7,0.0,0.0
16.7,0.0,0.0
16.4,0.0,0.0
16.4,0.1,0.0
16.4,0.0,0.0
16.5,0.0,0.0
17.7,0.4,0.0
18.1,0.5,0.0
17.7,0.2,0.0
16.6,0.1,0.0
16.4,0.1,0.0
16.4,0.0,0.0
16.6,0.0,0.0
16.3,0.2,0.0
16.6,0.0,0.0
16.6,0.1,0.0
16.4,0.0,0.0
16.5,0.0,0.0
16.5,0.0,0.0
16.5,0.1,0.0
16.5,0.0,0.0
16.5,0.0,0.0
16.5,0.0,0.0
16.6,0.1,0.0
16.5,0.0,0.0
16.6,0.0,0.0
16.5,0.0,0.0
16.5,0.0,0.0
16.4,0.1,0.0
16.5,0.0,0.0
16.5,0.0,0.0
16.4,0.0,0.0
16.5,0.0,0.0
16.6,0.0,0.0
16.5,0.0,0.0
16.5,0.0,0.0
14.5,0.1,0.0
8.4,0.2,0.0
16.8,0.0,0.0
16.7,0.0,0.0
16.7,0.0,0.0
16.9,0.0,0.0
16.7,0.0,0.0
17.7,0.0,0.0
16.7,0.0,0.0
16.7,0.0,0.0
16.7,0.0,0.0
16.8,0.0,0.0
16.7,0.0,0.0
16.7,0.0,0.0
16.7,0.0,0.0
16.7,0.0,0.0
16.7,0.0,0.0
17.3,0.1,0.0
16.7,0.0,0.0
16.7,0.0,0.0
16.8,0.0,0.0
16.7,0.0,0.0
16.7,0.0,0.0
16.7,0.0,0.0
17.2,0.1,0.0
16.7,0.0,0.0
16.7,0.0,0.0
16.8,0.0,0.0
16.7,0.0,0.0
16.7,0.0,0.0
16.7,0.0,0.0
16.7,0.0,0.0
16.7,0.0,0.0
16.7,0.0,0.0
16.7,0.0,0.0
16.7,0.0,0.0
16.7,0.0,0.0
16.7,0.1,0.0
16.7,0.0,0.0
17.2,0.1,0.0
16.7,0.0,0.0
16.7,0.0,0.0
16.7,0.0,0.0
16.7,0.0,0.0
16.7,0.0,0.0
16.7,0.0,0.0
16.7,0.0,0.0
16.8,0.0,0.0
16.7,0.0,0.0
16.7,0.0,0.0
16.6,0.0,0.0
16.7,0.0,0.0
16.7,0.0,0.0
16.7,0.0,0.0
17.2,0.1,0.0
16.7,0.0,0.0
16.7,0.0,0.0
16.7,0.0,0.0
16.7,0.1,0.0
16.7,0.0,0.0
16.7,0.0,0.0
16.7,0.0,0.0
16.7,0.0,0.0
16.7,0.0,0.0
16.7,0.0,0.0
16.7,0.0,0.0
16.7,0.0,0.0
16.7,0.0,0.0
16.8,0.0,0.0
16.9,0.0,0.0
16.7,0.0,0.0
16.7,0.0,0.0
16.7,0.0,0.0
16.7,0.0,0.0
16.7,0.0,0.0
16.7,0.0,0.0
16.7,0.0,0.0
16.7,0.0,0.0
16.7,0.1,0.0
16.7,0.0,0.0
16.7,0.0,0.0
16.7,0.0,0.0
16.7,0.0,0.0
16.7,0.0,0.0
17.1,0.1,0.0
16.7,0.0,0.0
16.7,0.0,0.0
16.7,0.0,0.0
16.8,0.0,0.0
16.7,0.0,0.0
16.7,0.0,0.0
16.7,0.0,0.0
16.7,0.0,0.0
16.7,0.0,0.0
16.7,0.0,0.0
16.7,0.0,0.0
16.7,0.0,0.0
16.7,0.0,0.0
16.6,0.0,0.0
16.7,0.2,0.0
16.5,0.1,0.0
16.5,0.0,0.0
16.6,0.0,0.0
16.4,0.0,0.0
16.4,0.0,0.0
16.5,0.0,0.0
16.4,0.0,0.0
16.4,0.0,0.0
16.5,0.1,0.0
16.4,0.0,0.0
16.4,0.0,0.0
16.4,0.0,0.0
16.5,0.0,0.0
16.5,0.0,0.0
16.8,0.1,0.0
16.4,0.0,0.0
16.5,0.0,0.0
16.4,0.1,0.0
16.6,0.1,0.0
16.5,0.0,0.0
16.5,0.0,0.0
16.5,0.0,0.0
16.5,0.0,0.0
16.4,0.0,0.0
16.6,0.1,0.0
16.8,0.0,0.0
16.6,0.0,0.0
16.5,0.0,0.0
16.6,0.1,0.0
16.7,0.1,0.0
16.5,0.0,0.0
16.5,0.0,0.0
16.5,0.0,0.0
6.6,0.3,0.0
16.7,0.0,0.0
16.7,0.0,0.0
16.7,0.0,0.0
16.7,0.0,0.0
16.7,0.2,0.0
16.7,0.0,0.0
16.7,0.0,0.0
16.7,0.0,0.0
16.7,0.0,0.0
16.7,0.0,0.0
16.9,0.1,0.0
16.7,0.0,0.0
16.7,0.0,0.0
16.7,0.0,0.0
16.8,0.0,0.0
16.7,0.0,0.0
16.7,0.0,0.0
16.7,0.0,0.0
16.7,0.0,0.0
16.7,0.0,0.0
16.7,0.0,0.0
16.7,0.0,0.0
16.7,0.0,0.0
16.7,0.0,0.0
16.8,0.0,0.0
17.2,0.1,0.0
16.7,0.0,0.0
16.7,0.0,0.0
16.7,0.0,0.0
16.7,0.0,0.0
16.7,0.0,0.0
16.7,0.0,0.0
16.7,0.0,0.0
16.7,0.0,0.0
16.7,0.1,0.0
16.7,0.0,0.0
16.7,0.0,0.0
16.7,0.0,0.0
16.7,0.0,0.0
16.7,0.0,0.0
17.2,0.4,0.0
16.7,0.0,0.0
16.7,0.0,0.0
16.7,0.0,0.0
16.7,0.0,0.0
16.7,0.0,0.0
16.7,0.0,0.0
16.7,0.0,0.0
16.7,0.0,0.0
16.7,0.1,0.0
16.7,0.0,0.0
16.7,0.0,0.0
16.7,0.0,0.0
16.7,0.1,0.0
16.7,0.1,0.0
17.9,0.1,0.0
16.7,0.0,0.0
16.7,0.1,0.0
16.8,0.0,0.0
16.7,0.0,0.0
16.7,0.0,0.0
16.7,0.0,0.0
16.7,0.0,0.0
16.7,0.0,0.0
16.7,0.0,0.0
16.7,0.0,0.0
16.7,0.0,0.0
16.8,0.0,0.0
16.7,0.0,0.0
16.7,0.0,0.0
17.2,0.1,0.0
16.7,0.0,0.0
16.6,0.0,0.0
16.7,0.0,0.0
16.7,0.0,0.0
16.7,0.0,0.0
16.7,0.0,0.0
16.7,0.0,0.0
16.7,0.0,0.0
16.6,0.0,0.0
16.7,0.0,0.0
16.7,0.0,0.0
16.7,0.0,0.0
16.7,0.0,0.0
16.7,0.0,0.0
17.1,0.2,0.0
16.7,0.0,0.0
16.7,0.0,0.0
16.7,0.0,0.0
16.7,0.0,0.0
16.7,0.0,0.0
16.7,0.0,0.0
16.7,0.0,0.0
16.7,0.0,0.0
16.6,0.0,0.0
16.7,0.1,0.0
16.7,0.0,0.0
16.7,0.0,0.0
16.5,0.0,0.0
16.4,0.0,0.0
16.6,0.6,0.0
16.4,0.0,0.0
16.4,0.0,0.0
16.4,0.0,0.0
16.3,0.1,0.0
16.5,0.2,0.0
16.4,0.0,0.0
16.5,0.0,0.0
16.6,0.0,0.0
16.5,0.1,0.0
16.3,0.1,0.0
16.7,0.0,0.0
16.6,0.0,0.0
16.4,0.0,0.0
16.4,0.0,0.0
16.9,0.2,0.0
16.6,0.0,0.0
16.6,0.0,0.0
16.6,0.0,0.0
16.6,0.0,0.0
16.5,0.0,0.0
16.5,0.0,0.0
16.5,0.0,0.0
16.5,0.0,0.0
16.5,0.0,0.0
16.5,0.0,0.0
16.5,0.0,0.0
16.5,0.0,0.0
16.5,0.0,0.0
16.5,0.0,0.0
17.0,0.1,0.0
16.5,0.0,0.0
16.5,0.1,0.0
6.3,0.1,0.0
16.7,0.0,0.0
16.7,0.1,0.0
17.3,0.6,0.0
18.6,0.1,0.0
17.3,0.1,0.0
16.8,0.0,0.0
16.7,0.0,0.0
16.7,0.0,0.0
16.7,0.0,0.0
16.7,0.0,0.0
16.7,0.0,0.0
16.9,0.1,0.0
16.7,0.0,0.0
16.7,0.0,0.0
16.8,0.0,0.0
16.7,0.0,0.0
16.7,0.0,0.0
16.7,0.0,0.0
16.7,0.0,0.0
16.7,0.0,0.0
16.7,0.0,0.0
16.7,0.0,0.0
16.7,0.0,0.0
16.8,0.0,0.0
16.7,0.0,0.0
16.7,0.0,0.0
17.1,0.2,0.0
16.7,0.0,0.0
16.7,0.0,0.0
16.7,0.0,0.0
16.7,0.0,0.0
16.8,0.0,0.0
16.7,0.0,0.0
16.7,0.0,0.0
16.7,0.0,0.0
16.7,0.0,0.0
16.7,0.0,0.0
16.7,0.0,0.0
16.7,0.0,0.0
16.7,0.0,0.0
16.7,0.0,0.0
17.0,0.1,0.0
16.7,0.0,0.0
16.7,0.0,0.0
16.7,0.0,0.0
16.8,0.0,0.0
16.7,0.0,0.0
16.7,0.0,0.0
16.7,0.0,0.0
16.7,0.0,0.0
16.7,0.8,0.0
16.6,0.8,0.1
16.3,0.0,0.1
16.7,0.0,0.0
16.8,0.0,0.0
16.7,0.0,0.0
17.2,0.1,0.0
16.7,0.0,0.0
16.7,0.0,0.0
16.7,0.0,0.0
16.7,0.0,0.0
16.7,0.1,0.0
15.8,0.1,0.6
16.7,0.0,0.0
16.6,0.0,0.0
16.6,0.1,0.0
16.6,0.0,0.0
16.6,0.0,0.0
16.6,0.1,0.0
16.6,0.0,0.0
16.7,0.0,0.0
17.0,0.4,0.0
16.4,0.2,0.0
16.6,0.0,0.0
16.6,0.0,0.0
16.6,0.1,0.0
16.6,0.0,0.0
16.7,0.0,0.0
16.6,0.1,0.0
16.7,0.0,0.0
16.7,0.1,0.0
16.6,0.2,0.0
16.6,0.1,0.0
16.6,0.1,0.0
16.8,0.1,0.0
16.7,0.0,0.0
16.9,0.1,0.0
16.6,0.1,0.0
16.7,0.0,0.0
16.6,0.0,0.0
16.6,0.1,0.0
16.7,0.1,0.0
16.8,0.0,0.0
16.6,0.1,0.0
16.6,0.0,0.0
16.7,0.0,0.0
16.5,0.0,0.2
14.9,1.0,0.3
11.3,1.6,0.9
16.1,0.1,0.0
16.4,0.0,0.0
14.8,1.3,0.2
11.5,2.0,0.7
16.4,0.0,0.0
16.3,0.1,0.0
16.3,0.1,0.0
16.5,0.0,0.0
16.3,0.0,0.0
16.2,0.1,0.0
16.5,0.0,0.0
16.4,0.0,0.0
16.3,0.0,0.0
16.5,0.1,0.0
16.4,0.0,0.0
16.5,0.0,0.0
16.4,0.1,0.0
17.0,0.2,0.0
16.4,0.1,0.0
16.4,0.0,0.0
16.7,0.0,0.0
16.6,0.0,0.0
16.2,0.1,0.0
16.6,0.1,0.0
16.5,0.1,0.0
16.5,0.0,0.0
16.4,0.1,0.0
16.5,0.0,0.0
16.5,0.0,0.0
16.5,0.0,0.0
16.5,0.1,0.0
16.5,0.0,0.0
16.8,0.1,0.0
16.4,0.2,0.0
9.7,0.2,0.0
13.6,0.1,0.0
16.7,0.0,0.0
16.7,0.0,0.0
16.7,0.0,0.0
16.7,0.0,0.0
16.7,0.0,0.0
16.7,0.1,0.0
16.7,0.0,0.0
16.7,0.1,0.0
16.7,0.0,0.0
16.7,0.0,0.0
16.7,0.0,0.0
17.8,0.2,0.0
16.7,0.0,0.0
16.7,0.0,0.0
16.7,0.0,0.0
16.7,0.0,0.0
16.7,0.0,0.0
16.7,0.1,0.0
16.7,0.0,0.0
16.7,0.0,0.0
16.7,0.0,0.0
16.8,0.1,0.0
16.7,0.0,0.0
16.7,0.0,0.0
16.7,0.0,0.0
16.7,0.0,0.0
17.2,0.2,0.0
16.7,0.0,0.0
16.7,0.0,0.0
16.7,0.0,0.0
16.7,0.0,0.0
16.7,0.0,0.0
16.7,0.0,0.0
16.7,0.0,0.0
16.7,0.0,0.0
16.7,0.0,0.0
16.7,0.0,0.0
16.8,0.0,0.0
16.7,0.0,0.0
16.7,0.0,0.0
16.7,0.0,0.0
17.0,0.3,0.0
16.7,0.0,0.0
16.7,0.0,0.0
16.7,0.0,0.0
16.7,0.0,0.0
16.7,0.0,0.0
16.8,0.1,0.0
16.7,0.0,0.0
16.7,0.0,0.0
16.7,0.0,0.0
16.7,0.0,0.0
16.7,0.0,0.0
16.7,0.0,0.0
16.7,0.0,0.0
16.7,0.0,0.0
17.6,0.1,0.0
16.8,0.0,0.0
16.8,0.0,0.0
16.7,0.0,0.0
16.6,0.0,0.0
16.7,0.0,0.0
16.7,0.0,0.0
16.7,0.0,0.0
16.7,0.0,0.0
16.7,0.0,0.0
16.8,0.0,0.0
16.8,0.0,0.0
16.7,0.0,0.0
16.7,0.0,0.0
16.7,0.0,0.0
17.0,0.0,0.0
16.7,0.0,0.0
16.7,0.0,0.0
16.7,0.0,0.0
16.7,0.0,0.0
16.7,0.0,0.0
16.7,0.1,0.0
16.7,0.0,0.0
16.7,0.0,0.0
16.7,0.0,0.0
16.9,0.0,0.0
16.7,0.0,0.0
16.7,0.0,0.0
16.7,0.0,0.0
16.7,0.0,0.0
16.7,0.0,0.0
16.8,0.0,0.0
16.7,0.0,0.0
16.7,0.0,0.0
16.7,0.0,0.0
16.7,0.0,0.0
16.7,0.0,0.0
16.7,0.0,0.0
16.7,0.0,0.0
16.7,0.0,0.0
16.7,0.0,0.0
16.7,0.1,0.0
16.7,0.0,0.0
16.7,0.0,0.0
16.7,0.0,0.0
16.7,0.0,0.0
16.7,0.0,0.0
16.7,0.0,0.0
17.5,0.2,0.0
16.4,0.0,0.0
16.5,0.0,0.0
16.4,0.1,0.0
16.4,0.1,0.0
16.5,0.0,0.0
16.5,0.0,0.0
16.4,0.0,0.0
16.4,0.0,0.0
16.3,0.0,0.0
16.5,0.0,0.0
16.4,0.0,0.0
16.5,0.0,0.0
16.5,0.0,0.0
16.4,0.1,0.0
16.6,0.0,0.0
16.5,0.0,0.0
16.5,0.0,0.0
16.5,0.0,0.0
16.4,0.0,0.0
16.4,0.1,0.0
16.5,0.0,0.0
16.4,0.1,0.0
16.5,0.1,0.0
16.4,0.0,0.0
16.4,0.0,0.0
16.4,0.0,0.0
16.6,0.1,0.0
16.6,0.0,0.0
16.6,0.0,0.0
16.5,0.0,0.0
16.4,0.1,0.0
16.5,0.0,0.0
16.5,0.0,0.0
16.5,0.2,0.0
16.3,0.0,0.0
6.1,0.2,0.0
16.7,0.0,0.0
16.7,0.0,0.0
16.7,0.0,0.0
16.7,0.0,0.0
16.7,0.0,0.0
16.7,0.0,0.0
16.7,0.0,0.0
16.7,0.1,0.0
16.7,0.0,0.0
16.7,0.0,0.0
16.7,0.0,0.0
17.3,0.1,0.0
16.7,0.0,0.0
16.7,0.0,0.0
16.7,0.0,0.0
16.7,0.0,0.0
16.7,0.0,0.0
16.8,0.0,0.0
16.7,0.0,0.0
16.7,0.0,0.0
16.7,0.0,0.0
16.7,0.0,0.0
16.7,0.0,0.0
16.6,0.0,0.0
16.7,0.0,0.0
16.7,0.0,0.0
18.2,0.5,0.0
18.9,0.1,0.0
16.7,0.1,0.0
16.7,0.0,0.0
16.7,0.0,0.0
16.7,0.0,0.0
16.7,0.0,0.0
16.7,0.0,0.0
16.7,0.0,0.0
16.7,0.0,0.0
16.7,0.0,0.0
16.7,0.1,0.0
16.7,0.0,0.0
16.7,0.0,0.0
16.7,0.0,0.0
16.7,0.0,0.0
16.7,0.0,0.0
16.7,0.0,0.0
16.7,0.0,0.0
16.7,0.0,0.0
16.7,0.1,0.0
17.7,0.1,0.0
16.7,0.0,0.0
16.7,0.0,0.0
16.7,0.0,0.0
16.7,0.0,0.0
16.7,0.0,0.0
16.7,0.0,0.0
16.7,0.0,0.0
16.8,0.0,0.0
16.7,0.0,0.0
16.8,0.0,0.0
17.6,0.1,0.0
16.7,0.0,0.0
16.8,0.0,0.0
16.7,0.0,0.0
16.7,0.0,0.0
16.6,0.1,0.0
16.7,0.0,0.0
17.2,0.1,0.0
16.7,0.0,0.0
16.8,0.1,0.0
16.7,0.0,0.0
16.7,0.0,0.0
16.7,0.0,0.0
16.7,0.0,0.0
16.7,0.0,0.0
16.7,0.0,0.0
16.7,0.0,0.0
16.7,0.0,0.0
16.7,0.0,0.0
16.7,0.0,0.0
16.7,0.0,0.0
16.7,0.0,0.0
17.6,0.0,0.0
16.7,0.0,0.0
16.7,0.0,0.0
16.7,0.0,0.0
16.7,0.0,0.0
16.7,0.0,0.0
16.7,0.0,0.0
16.7,0.1,0.0
16.7,0.0,0.0
16.7,0.1,0.0
16.7,0.0,0.0
16.7,0.0,0.0
16.8,0.0,0.0
16.7,0.0,0.0
16.7,0.0,0.0
17.1,0.1,0.0
16.7,0.0,0.0
16.7,0.1,0.0
16.7,0.0,0.0
16.7,0.0,0.0
16.7,0.0,0.0
16.7,0.0,0.0
16.7,0.0,0.0
16.7,0.0,0.0
16.7,0.0,0.0
16.7,0.0,0.0
16.4,0.0,0.0
16.6,0.0,0.0
16.3,0.0,0.0
16.3,0.0,0.0
17.3,0.2,0.0
16.6,0.0,0.0
16.4,0.0,0.0
16.5,0.1,0.0
16.5,0.0,0.0
16.5,0.0,0.0
16.4,0.0,0.0
16.4,0.1,0.0
16.3,0.1,0.0
16.3,0.1,0.0
16.5,0.0,0.0
16.6,0.0,0.0
16.5,0.0,0.0
16.5,0.0,0.0
16.6,0.0,0.0
16.7,0.2,0.0
16.5,0.0,0.0
16.6,0.0,0.0
16.6,0.1,0.0
16.5,0.0,0.0
16.3,0.0,0.0
16.5,0.1,0.0
16.4,0.0,0.0
16.5,0.0,0.0
16.5,0.0,0.0
16.5,0.1,0.0
16.6,0.0,0.0
16.5,0.0,0.0
16.6,0.1,0.0
16.5,0.0,0.0
11.3,0.3,0.0
12.2,0.0,0.0
16.7,0.0,0.0
16.6,0.0,0.0
16.6,0.0,0.0
16.5,0.0,0.0
16.7,0.0,0.0
16.7,0.0,0.0
16.7,0.1,0.0
16.7,0.0,0.0
16.7,0.0,0.0
16.7,0.0,0.0
16.6,0.0,0.0
16.5,0.0,0.0
16.7,0.0,0.0
17.0,0.2,0.0
16.6,0.0,0.0
16.7,0.0,0.0
16.8,0.0,0.0
16.7,0.0,0.0
16.7,0.0,0.0
16.6,0.0,0.0
16.7,0.0,0.0
16.7,0.0,0.0
16.4,0.0,0.0
16.5,0.0,0.0
16.6,0.0,0.0
16.6,0.0,0.0
16.6,0.1,0.0
16.7,0.0,0.0
17.4,0.2,0.0
16.7,0.0,0.0
16.6,0.0,0.0
16.6,0.1,0.0
16.6,0.0,0.0
16.7,0.0,0.0
7.4,0.2,0.0
16.7,0.0,0.0
16.8,0.1,0.0
16.6,0.0,0.0
16.9,0.1,0.0
16.7,0.0,0.0
16.7,0.0,0.0
16.6,0.0,0.0
16.7,0.0,0.0
16.8,0.3,0.0
16.6,0.1,0.0
16.5,0.0,0.0
16.8,0.0,0.0
16.7,0.0,0.0
16.7,0.0,0.0
16.5,0.0,0.0
16.7,0.0,0.0
16.6,0.0,0.0
16.7,0.0,0.0
16.7,0.0,0.0
16.5,0.0,0.0
16.6,0.1,0.0
16.7,0.2,0.0
16.6,0.0,0.0
16.8,0.1,0.0
16.6,0.0,0.0
16.7,0.0,0.0
16.7,0.0,0.0
16.7,0.0,0.0
16.7,0.0,0.0
16.7,0.0,0.0
16.7,0.0,0.0
16.7,0.0,0.0
16.6,0.0,0.0
15.4,0.1,0.0
8.5,0.2,0.0
16.7,0.0,0.0
16.7,0.0,0.0
16.5,0.0,0.0
17.1,0.0,0.0
16.6,0.0,0.0
16.7,0.0,0.0
16.8,0.0,0.0
16.6,0.0,0.0
16.6,0.0,0.0
16.7,0.0,0.0
16.5,0.0,0.0
16.6,0.0,0.0
16.7,0.0,0.0
16.6,0.0,0.0
16.7,0.0,0.0
16.6,0.0,0.0
16.8,0.1,0.0
16.6,0.0,0.0
16.8,0.1,0.0
16.7,0.0,0.0
16.6,0.0,0.0
16.7,0.0,0.0
16.4,0.0,0.0
16.6,0.0,0.0
16.7,0.0,0.0
16.7,0.0,0.0
16.7,0.0,0.0
16.7,0.0,0.0
16.7,0.0,0.0
16.7,0.0,0.0
16.7,0.0,0.0
16.6,0.1,0.0
16.6,0.0,0.0
17.0,0.1,0.0
16.7,0.0,0.0
7.2,0.3,0.0
16.7,0.1,0.0
16.7,0.0,0.0
16.7,0.0,0.0
16.7,0.0,0.0
16.7,0.0,0.0
16.6,0.0,0.0
16.5,0.0,0.0
16.6,0.0,0.0
16.7,0.0,0.0
16.5,0.0,0.0
16.7,0.0,0.0
16.7,0.0,0.0
17.7,0.2,0.0
16.7,0.0,0.0
16.7,0.0,0.0
16.7,0.0,0.0
16.7,0.0,0.0
16.7,0.0,0.0
16.7,0.0,0.0
16.5,0.0,0.0
16.7,0.0,0.0
16.8,0.1,0.0
16.6,0.0,0.0
16.6,0.0,0.0
16.7,0.0,0.0
16.8,0.0,0.0
16.9,0.1,0.0
16.8,0.0,0.0
16.6,0.1,0.0
16.5,0.1,0.0
16.7,0.0,0.0
16.8,0.0,0.0
16.6,0.0,0.0
16.7,0.0,0.0
16.6,0.0,0.0
16.7,0.0,0.0
16.7,0.1,0.0
7.4,0.2,0.0
16.7,0.0,0.0
16.7,0.0,0.0
16.7,0.0,0.0
17.2,0.1,0.0
16.6,0.0,0.0
16.8,0.0,0.0
16.7,0.1,0.0
16.6,0.1,0.0
16.7,0.0,0.0
16.6,0.1,0.0
16.7,0.0,0.0
16.6,0.0,0.0
16.7,0.1,0.0
16.8,0.0,0.0
17.1,0.0,0.0
16.6,0.1,0.0
16.6,0.0,0.0
16.7,0.0,0.0
17.6,0.1,0.0
16.5,0.1,0.0
16.7,0.0,0.0
16.7,0.1,0.0
16.6,0.1,0.0
16.9,0.1,0.0
16.7,0.0,0.0
16.7,0.0,0.0
16.6,0.0,0.0
16.6,0.0,0.0
16.7,0.0,0.0
16.6,0.0,0.0
16.6,0.0,0.0
16.7,0.0,0.0
16.8,0.0,0.0
17.3,0.1,0.0
16.7,0.0,0.0
7.2,0.2,0.0
16.7,0.0,0.0
16.7,0.0,0.0
16.7,0.0,0.0
17.1,0.2,0.0
18.3,0.4,0.0
18.1,0.2,0.0
16.5,0.0,0.0
16.7,0.1,0.0
16.6,0.0,0.0
16.6,0.0,0.0
16.5,0.0,0.0
16.6,0.0,0.0
17.1,0.2,0.0
16.7,0.0,0.0
16.7,0.0,0.0
16.7,0.0,0.0
16.6,0.0,0.0
16.7,0.1,0.0
16.7,0.0,0.0
16.7,0.0,0.0
16.6,0.0,0.0
16.7,0.0,0.0
16.6,0.1,0.0
16.6,0.0,0.0
16.7,0.0,0.0
16.6,0.0,0.0
16.7,0.0,0.0
17.1,0.2,0.0
16.7,0.0,0.0
16.6,0.0,0.0
16.7,0.0,0.0
16.7,0.0,0.0
16.7,0.0,0.0
16.6,0.0,0.0
16.7,0.0,0.0
16.6,0.0,0.0
6.9,0.3,0.0
16.7,0.1,0.0
16.7,0.0,0.0
16.6,0.0,0.0
16.6,0.0,0.0
16.8,0.1,0.0
17.2,0.5,0.0
16.6,0.0,0.0
16.7,0.0,0.0
16.7,0.0,0.0
16.6,0.1,0.0
16.8,0.0,0.0
16.7,0.0,0.0
16.6,0.1,0.0
16.7,0.0,0.0
16.7,0.0,0.0
16.6,0.0,0.0
16.7,0.0,0.0
16.7,0.0,0.0
16.7,0.0,0.0
16.7,0.0,0.0
17.2,0.1,0.0
16.4,0.0,0.0
16.7,0.1,0.0
16.7,0.0,0.0
16.6,0.0,0.0
16.7,0.0,0.0
16.7,0.0,0.0
16.7,0.0,0.0
16.5,0.1,0.0
16.6,0.0,0.0
16.7,0.1,0.0
16.6,0.0,0.0
16.7,0.0,0.0
16.7,0.0,0.0
15.5,0.2,0.0
8.7,0.2,0.0
16.7,0.0,0.0
16.7,0.0,0.0
16.5,0.0,0.0
16.6,0.0,0.0
16.7,0.0,0.0
16.7,0.0,0.0
16.7,0.0,0.0
16.5,0.0,0.0
16.6,0.0,0.0
16.6,0.1,0.0
16.6,0.0,0.0
16.7,0.0,0.0
16.7,0.0,0.0
16.5,0.1,0.0
17.5,0.1,0.0
16.7,0.2,0.0
16.6,0.0,0.0
16.6,0.0,0.0
16.6,0.0,0.0
16.5,0.1,0.0
16.6,0.0,0.0
16.7,0.0,0.0
16.7,0.0,0.0
16.7,0.1,0.0
16.7,0.0,0.0
17.0,0.1,0.0
16.7,0.0,0.0
16.6,0.0,0.0
16.5,0.1,0.0
17.2,0.1,0.0
16.6,0.0,0.0
16.5,0.0,0.0
16.6,0.0,0.0
16.7,0.0,0.0
10.7,0.2,0.0
13.2,0.1,0.0
16.7,0.0,0.0
16.7,0.0,0.0
16.5,0.0,0.0
16.6,0.0,0.0
16.6,0.0,0.0
16.7,0.0,0.0
16.5,0.0,0.0
16.5,0.0,0.0
16.9,0.1,0.0
16.6,0.1,0.0
16.6,0.0,0.0
16.7,0.0,0.0
16.6,0.0,0.0
16.7,0.0,0.0
16.7,0.0,0.0
16.6,0.0,0.0
16.5,0.0,0.0
16.6,0.0,0.0
16.7,0.0,0.0
16.7,0.1,0.0
16.4,0.1,0.0
16.6,0.1,0.0
16.7,0.0,0.0
17.4,0.2,0.0
16.6,0.0,0.0
16.6,0.0,0.0
16.7,0.0,0.0
16.6,0.1,0.0
16.4,0.0,0.0
16.7,0.1,0.0
16.7,0.0,0.0
16.7,0.0,0.0
16.7,0.0,0.0
16.6,0.0,0.0
7.3,0.1,0.0
16.7,0.0,0.0
16.6,0.0,0.0
16.7,0.0,0.0
16.8,0.2,0.0
16.8,0.1,0.0
16.5,0.0,0.0
16.8,0.0,0.0
16.5,0.0,0.0
16.5,0.0,0.0
16.7,0.0,0.0
16.7,0.0,0.0
16.5,0.0,0.0
16.7,0.0,0.0
16.7,0.0,0.0
16.8,0.2,0.0
16.7,0.0,0.0
16.6,0.0,0.0
16.6,0.0,0.0
16.9,0.1,0.0
16.5,0.0,0.0
16.7,0.0,0.0
16.7,0.0,0.0
16.6,0.0,0.0
16.7,0.0,0.0
16.9,0.1,0.0
16.7,0.0,0.0
16.6,0.0,0.0
16.7,0.0,0.0
16.7,0.0,0.0
16.6,0.0,0.0
16.6,0.0,0.0
16.7,0.0,0.0
16.5,0.1,0.0
17.6,0.2,0.0
16.7,0.1,0.0
14.5,0.1,0.0
9.4,0.1,0.0
16.7,0.0,0.0
16.7,0.0,0.0
16.7,0.0,0.0
16.7,0.0,0.0
16.7,0.0,0.0
16.5,0.0,0.0
16.6,0.0,0.0
16.7,0.1,0.0
16.5,0.1,0.0
16.6,0.0,0.0
16.6,0.0,0.0
17.2,0.1,0.0
16.6,0.1,0.0
16.7,0.0,0.0
16.8,0.0,0.0
16.7,0.0,0.0
16.6,0.0,0.0
16.5,0.2,0.0
16.6,0.1,0.0
16.6,0.1,0.0
16.7,0.0,0.0
16.7,0.1,0.0
16.7,0.0,0.0
16.7,0.0,0.0
16.7,0.0,0.0
16.7,0.0,0.0
16.7,0.0,0.0
16.8,0.1,0.0
16.7,0.1,0.0
16.7,0.0,0.0
16.5,0.1,0.0
16.6,0.0,0.0
16.6,0.0,0.0
16.7,0.0,0.0
16.5,0.1,0.0
16.7,0.1,0.0
16.7,0.0,0.0
12.2,0.1,0.0
11.3,0.0,0.0
16.7,0.0,0.0
16.7,0.0,0.0
16.7,0.0,0.0
16.7,0.0,0.0
16.7,0.0,0.0
16.7,0.0,0.0
16.6,0.0,0.0
16.6,0.0,0.0
16.7,0.0,0.0
16.7,0.1,0.0
16.6,0.0,0.0
16.6,0.0,0.0
16.5,0.1,0.0
16.7,0.0,0.0
16.7,0.0,0.0
16.7,0.0,0.0
16.5,0.1,0.0
16.7,0.0,0.0
16.7,0.0,0.0
16.8,0.0,0.0
16.6,0.0,0.0
16.6,0.0,0.0
16.4,0.0,0.0
16.7,0.0,0.0
16.7,0.0,0.0
16.4,0.0,0.0
16.7,0.0,0.0
16.6,0.0,0.0
16.7,0.0,0.0
16.8,0.1,0.0
16.7,0.0,0.0
16.6,0.1,0.0
16.7,0.0,0.0
16.7,0.0,0.0
16.7,0.0,0.0
16.7,0.0,0.0
17.2,0.3,0.0
16.6,0.0,0.0
12.2,0.2,0.0
11.3,0.0,0.0
16.7,0.0,0.0
16.7,0.0,0.0
16.7,0.0,0.0
16.7,0.0,0.0
16.7,0.0,0.0
16.7,0.0,0.0
16.7,0.0,0.0
16.7,0.0,0.0
16.7,0.0,0.0
16.7,0.1,0.0
16.7,0.0,0.0
16.7,0.0,0.0
16.7,0.0,0.0
16.7,0.0,0.0
16.7,0.0,0.0
16.7,0.0,0.0
16.7,0.1,0.0
16.7,0.0,0.0
16.6,0.0,0.0
16.7,0.1,0.0
16.7,0.0,0.0
16.7,0.0,0.0
16.7,0.0,0.0
16.7,0.0,0.0
16.7,0.0,0.0
16.7,0.0,0.0
16.7,0.1,0.0
16.7,0.0,0.0
16.5,0.0,0.0
16.8,0.0,0.0
16.7,0.0,0.0
16.5,0.0,0.0
16.6,0.0,0.0
16.6,0.0,0.0
16.5,0.0,0.0
16.7,0.0,0.0
16.7,0.0,0.0
16.6,0.0,0.0
16.7,0.0,0.0
16.8,0.1,0.0
16.5,0.0,0.0
17.4,0.1,0.0
16.5,0.0,0.0
16.6,0.0,0.0
17.4,0.5,0.0
18.7,0.1,0.0
17.3,0.1,0.0
16.6,0.1,0.0
16.6,0.0,0.0
16.7,0.1,0.0
16.5,0.0,0.0
16.7,0.0,0.0
9.8,0.3,0.0
13.8,0.1,0.0
16.7,0.0,0.0
16.7,0.0,0.0
16.7,0.0,0.0
16.7,0.0,0.0
16.7,0.0,0.0
16.7,0.0,0.0
16.7,0.0,0.0
16.7,0.0,0.0
16.8,0.0,0.0
16.7,0.0,0.0
16.6,0.1,0.0
16.7,0.0,0.0
16.7,0.0,0.0
16.6,0.0,0.0
16.7,0.0,0.0
16.8,0.0,0.0
17.1,0.2,0.0
16.8,0.1,0.0
16.6,0.1,0.0
16.7,0.0,0.0
16.7,0.0,0.0
16.4,0.0,0.0
16.3,0.1,0.0
16.3,0.1,0.0
16.7,0.0,0.0
16.8,0.0,0.0
16.8,0.0,0.0
16.6,0.1,0.0
17.5,0.1,0.0
16.6,0.0,0.0
16.7,0.0,0.0
16.5,0.0,0.0
16.7,0.0,0.0
16.6,0.1,0.0
16.6,0.0,0.0
16.8,0.0,0.0
16.7,0.0,0.0
16.6,0.0,0.0
16.7,0.0,0.0
16.7,0.0,0.0
14.2,0.1,0.0
9.5,0.1,0.0
16.7,0.0,0.0
17.1,0.1,0.0
16.8,0.0,0.0
16.7,0.0,0.0
16.7,0.0,0.0
16.7,0.0,0.0
16.7,0.0,0.0
16.7,0.0,0.0
16.7,0.0,0.0
16.6,0.0,0.0
16.5,0.0,0.0
16.6,0.1,0.0
16.6,0.0,0.0
16.8,0.0,0.0
16.7,0.0,0.0
16.6,0.0,0.0
16.9,0.1,0.0
16.6,0.0,0.0
16.6,0.1,0.0
16.4,0.0,0.0
16.8,0.0,0.0
16.7,0.0,0.0
16.7,0.0,0.0
16.6,0.0,0.0
16.5,0.1,0.0
16.7,0.0,0.0
16.7,0.0,0.0
16.7,0.0,0.0
16.7,0.0,0.0
16.7,0.0,0.0
16.6,0.0,0.0
17.2,0.1,0.0
16.7,0.0,0.0
16.5,0.0,0.0
16.8,0.0,0.0
16.6,0.1,0.0
16.6,0.0,0.0
16.7,0.0,0.0
16.8,0.1,0.0
16.7,0.0,0.0
16.7,0.0,0.0
16.6,0.0,0.0
7.2,0.2,0.0
16.7,0.0,0.0
16.7,0.2,0.0
16.7,0.0,0.0
16.8,0.1,0.0
16.8,0.0,0.0
16.7,0.0,0.0
16.7,0.0,0.0
16.7,0.0,0.0
16.7,0.0,0.0
16.7,0.0,0.0
16.7,0.0,0.0
16.7,0.1,0.0
16.7,0.0,0.0
16.8,0.0,0.0
16.7,0.1,0.0
16.5,0.1,0.0
16.7,0.0,0.0
16.6,0.1,0.0
17.1,0.2,0.0
16.7,0.0,0.0
16.7,0.0,0.0
16.8,0.1,0.0
16.8,0.1,0.0
16.6,0.0,0.0
16.7,0.0,0.0
16.6,0.0,0.0
16.7,0.0,0.0
16.5,0.0,0.0
16.7,0.0,0.0
16.7,0.0,0.0
16.7,0.0,0.0
16.7,0.1,0.0
16.7,0.0,0.0
16.9,0.0,0.0
16.7,0.0,0.0
16.6,0.0,0.0
16.7,0.0,0.0
16.6,0.1,0.0
16.5,0.0,0.0
16.7,0.0,0.0
16.8,0.0,0.0
13.9,0.2,0.0
10.1,0.1,0.0
16.7,0.0,0.0
16.7,0.0,0.0
16.7,0.0,0.0
16.7,0.0,0.0
16.7,0.0,0.0
17.0,0.1,0.0
16.7,0.0,0.0
16.7,0.0,0.0
16.7,0.1,0.0
16.7,0.0,0.0
16.7,0.0,0.0
16.6,0.0,0.0
16.7,0.0,0.0
16.6,0.0,0.0
16.6,0.0,0.0
16.7,0.1,0.0
17.0,0.0,0.0
16.7,0.0,0.0
16.7,0.1,0.0
16.6,0.0,0.0
16.9,0.1,0.0
16.6,0.0,0.0
16.6,0.0,0.0
16.7,0.0,0.0
16.7,0.0,0.0
16.5,0.0,0.0
16.7,0.0,0.0
16.7,0.0,0.0
16.7,0.1,0.0
16.6,0.0,0.0
16.7,0.0,0.0
16.7,0.0,0.0
16.5,0.0,0.0
16.7,0.0,0.0
16.5,0.1,0.0
16.8,0.1,0.0
16.6,0.0,0.0
16.6,0.0,0.0
16.8,0.0,0.0
16.7,0.0,0.0
16.6,0.0,0.0
16.6,0.0,0.0
16.6,0.0,0.0
16.5,0.0,0.0
16.7,0.0,0.0
6.9,0.2,0.0
16.7,0.0,0.0
16.7,0.0,0.0
16.8,0.0,0.0
16.6,0.0,0.0
16.9,0.1,0.0
16.7,0.0,0.0
16.7,0.0,0.0
16.7,0.0,0.0
16.6,0.0,0.0
16.7,0.0,0.0
16.6,0.0,0.0
16.7,0.0,0.0
16.7,0.1,0.0
16.5,0.1,0.0
16.6,0.0,0.0
16.6,0.0,0.0
16.6,0.0,0.0
16.6,0.0,0.0
16.7,0.0,0.0
17.0,0.2,0.0
16.6,0.1,0.0
16.7,0.0,0.0
16.7,0.1,0.0
16.6,0.0,0.0
16.5,0.1,0.0
16.7,0.0,0.0
16.6,0.0,0.0
16.6,0.0,0.0
16.7,0.0,0.0
16.7,0.0,0.0
16.7,0.0,0.0
16.7,0.0,0.0
16.5,0.2,0.0
16.6,0.0,0.0
17.7,0.1,0.0
16.6,0.0,0.0
16.5,0.1,0.0
16.5,0.0,0.0
16.6,0.0,0.0
16.6,0.0,0.0
16.5,0.1,0.0
7.1,0.2,0.0
16.7,0.0,0.0
16.7,0.1,0.0
16.7,0.0,0.0
16.7,0.0,0.0
16.7,0.0,0.0
16.7,0.0,0.0
16.7,0.0,0.0
16.9,0.1,0.0
16.7,0.0,0.0
16.7,0.0,0.0
16.7,0.0,0.0
16.7,0.1,0.0
16.7,0.0,0.0
16.5,0.0,0.0
16.7,0.0,0.0
16.6,0.0,0.0
16.7,0.0,0.0
16.7,0.0,0.0
16.8,0.0,0.0
16.6,0.0,0.0
16.4,0.0,0.0
16.7,0.1,0.0
16.9,0.2,0.0
16.6,0.0,0.0
16.5,0.0,0.0
16.6,0.1,0.0
16.7,0.0,0.0
16.7,0.0,0.0
16.7,0.0,0.0
16.6,0.0,0.0
16.7,0.0,0.0
16.7,0.1,0.0
16.7,0.0,0.0
16.7,0.0,0.0
16.6,0.0,0.0
16.7,0.0,0.0
16.6,0.0,0.0
16.8,0.1,0.0
16.7,0.0,0.0
16.5,0.0,0.0
16.5,0.0,0.0
16.7,0.1,0.0
16.7,0.0,0.0
7.0,0.3,0.0
16.7,0.0,0.0
16.8,0.0,0.0
16.7,0.1,0.0
16.7,0.0,0.0
16.9,0.0,0.0
16.7,0.0,0.0
16.7,0.0,0.0
16.7,0.1,0.0
16.9,0.2,0.0
16.7,0.0,0.0
16.8,0.0,0.0
16.7,0.0,0.0
16.5,0.0,0.0
16.6,0.0,0.0
16.6,0.0,0.0
16.7,0.0,0.0
16.7,0.0,0.0
16.7,0.1,0.0
16.4,0.0,0.0
16.8,0.0,0.0
16.7,0.0,0.0
16.7,0.0,0.0
16.7,0.0,0.0
16.9,0.1,0.0
16.7,0.0,0.0
16.7,0.0,0.0
16.6,0.0,0.0
16.6,0.1,0.0
16.8,0.0,0.0
18.3,0.5,0.0
18.5,0.2,0.0
16.8,0.1,0.0
16.7,0.0,0.0
16.6,0.0,0.0
16.6,0.1,0.0
16.5,0.0,0.0
16.6,0.1,0.0
16.9,0.1,0.0
17.0,0.1,0.0
16.5,0.1,0.0
16.7,0.0,0.0
16.7,0.0,0.0
12.8,0.2,0.0
10.9,0.0,0.0
16.7,0.0,0.0
16.7,0.0,0.0
16.7,0.0,0.0
16.8,0.1,0.0
16.7,0.0,0.0
16.7,0.0,0.0
16.7,0.0,0.0
16.7,0.0,0.0
16.7,0.0,0.0
17.5,0.4,0.0
16.7,0.0,0.0
16.8,0.0,0.0
16.7,0.0,0.0
16.7,0.1,0.0
16.7,0.0,0.0
16.7,0.0,0.0
16.7,0.0,0.0
16.7,0.0,0.0
16.7,0.0,0.0
16.7,0.0,0.0
16.7,0.0,0.0
16.7,0.0,0.0
16.7,0.0,0.0
16.8,0.0,0.0
17.0,0.1,0.0
16.7,0.0,0.0
16.7,0.0,0.0
16.7,0.0,0.0
16.7,0.0,0.0
16.7,0.0,0.0
16.7,0.0,0.0
16.7,0.0,0.0
16.7,0.0,0.0
16.7,0.1,0.0
16.7,0.0,0.0
16.7,0.0,0.0
16.7,0.0,0.0
16.7,0.0,0.0
16.7,0.0,0.0
17.2,0.2,0.0
16.7,0.0,0.0
16.7,0.0,0.0
16.7,0.0,0.0
16.6,0.1,0.0
16.7,0.0,0.0
16.5,0.0,0.0
16.7,0.0,0.0
16.7,0.0,0.0
16.8,0.0,0.0
16.7,0.0,0.0
16.7,0.0,0.0
16.7,0.0,0.0
16.6,0.0,0.0
16.7,0.0,0.0
17.0,0.1,0.0
16.5,0.0,0.0
16.7,0.0,0.0
16.8,0.1,0.0
16.7,0.0,0.0
16.7,0.0,0.0
16.6,0.0,0.0
16.6,0.0,0.0
16.7,0.0,0.0
16.7,0.0,0.0
16.8,0.0,0.0
16.6,0.1,0.0
16.7,0.0,0.0
16.7,0.0,0.0
16.7,0.0,0.0
16.8,0.1,0.0
16.6,0.0,0.0
16.5,0.1,0.0
16.6,0.0,0.0
16.5,0.1,0.0
16.8,0.0,0.0
16.8,0.0,0.0
6.4,0.3,0.0
16.7,0.0,0.0
16.7,0.0,0.0
16.7,0.0,0.0
16.9,0.0,0.0
16.7,0.0,0.0
16.7,0.0,0.0
16.7,0.0,0.0
17.1,0.1,0.0
16.7,0.0,0.0
16.7,0.0,0.0
16.7,0.0,0.0
16.7,0.0,0.0
16.7,0.0,0.0
16.7,0.0,0.0
16.7,0.0,0.0
16.7,0.0,0.0
16.7,0.0,0.0
16.8,0.0,0.0
16.7,0.0,0.0
16.7,0.0,0.0
16.7,0.0,0.0
16.7,0.0,0.0
17.1,0.1,0.0
16.7,0.0,0.0
16.7,0.0,0.0
16.7,0.0,0.0
16.8,0.0,0.0
16.7,0.0,0.0
16.7,0.0,0.0
16.7,0.0,0.0
16.7,0.0,0.0
16.7,0.0,0.0
16.7,0.0,0.0
16.7,0.0,0.0
16.7,0.0,0.0
16.8,0.0,0.0
16.7,0.0,0.0
17.6,0.1,0.0
16.7,0.0,0.0
16.7,0.0,0.0
16.7,0.0,0.0
16.7,0.0,0.0
16.7,0.0,0.0
16.7,0.0,0.0
16.7,0.0,0.0
16.7,0.0,0.0
16.7,0.0,0.0
16.7,0.0,0.0
16.7,0.0,0.0
16.7,0.0,0.0
16.7,0.0,0.0
16.7,0.0,0.0
16.9,0.1,0.0
16.7,0.0,0.0
16.7,0.0,0.0
16.7,0.0,0.0
16.7,0.0,0.0
16.8,0.0,0.0
16.7,0.0,0.0
16.7,0.0,0.0
16.7,0.0,0.0
16.7,0.0,0.0
16.7,0.1,0.0
16.8,0.0,0.0
16.7,0.0,0.0
16.7,0.0,0.0
16.7,0.0,0.0
16.9,0.2,0.0
16.7,0.0,0.0
16.7,0.0,0.0
16.5,0.0,0.0
16.6,0.0,0.0
16.8,0.0,0.0
16.7,0.0,0.0
16.7,0.0,0.0
16.7,0.0,0.0
16.7,0.0,0.0
16.7,0.1,0.0
16.7,0.0,0.0
16.5,0.0,0.0
16.3,0.1,0.0
16.5,0.0,0.0
16.5,0.1,0.0
16.4,0.0,0.0
16.4,0.0,0.0
16.3,0.0,0.0
16.6,0.0,0.0
16.6,0.1,0.0
16.1,0.0,0.0
16.3,0.0,0.0
16.4,0.1,0.0
16.5,0.0,0.0
16.5,0.0,0.0
16.5,0.0,0.0
16.2,0.1,0.0
16.3,0.0,0.0
16.4,0.0,0.0
16.6,0.3,0.0
16.4,0.0,0.0
16.5,0.0,0.0
16.4,0.1,0.0
16.5,0.0,0.0
16.4,0.1,0.0
10.3,0.1,0.0
12.4,0.0,0.0
16.7,0.0,0.0
16.7,0.0,0.0
16.7,0.1,0.0
16.7,0.0,0.0
16.7,0.0,0.0
16.7,0.0,0.0
16.7,0.0,0.0
17.0,0.1,0.0
16.7,0.0,0.0
16.7,0.0,0.0
16.7,0.0,0.0
16.7,0.0,0.0
16.7,0.0,0.0
16.7,0.0,0.0
16.7,0.0,0.0
16.7,0.1,0.0
16.7,0.0,0.0
16.7,0.0,0.0
17.0,0.0,0.0
16.7,0.0,0.0
16.7,0.0,0.0
16.7,0.0,0.0
16.8,0.0,0.0
16.8,0.1,0.0
16.7,0.0,0.0
16.7,0.0,0.0
16.7,0.0,0.0
16.7,0.1,0.0
16.7,0.0,0.0
16.7,0.0,0.0
16.7,0.0,0.0
16.8,0.0,0.0
16.7,0.0,0.0
16.8,0.0,0.0
16.7,0.0,0.0
16.7,0.0,0.0
16.7,0.0,0.0
16.7,0.0,0.0
16.7,0.0,0.0
16.7,0.0,0.0
16.7,0.1,0.0
16.7,0.0,0.0
16.7,0.0,0.0
17.4,0.1,0.0
16.7,0.0,0.0
16.7,0.1,0.0
16.7,0.0,0.0
16.7,0.0,0.0
16.7,0.0,0.0
16.7,0.0,0.0
16.7,0.0,0.0
16.7,0.0,0.0
16.7,0.0,0.0
16.7,0.1,0.0
16.7,0.0,0.0
16.7,0.0,0.0
16.7,0.0,0.0
16.7,0.0,0.0
16.7,0.0,0.0
16.8,0.0,0.0
16.7,0.0,0.0
16.7,0.0,0.0
16.7,0.0,0.0
16.7,0.0,0.0
16.7,0.0,0.0
16.7,0.0,0.0
16.7,0.0,0.0
16.7,0.0,0.0
16.8,0.0,0.0
16.7,0.0,0.0
16.7,0.0,0.0
16.7,0.0,0.0
16.7,0.0,0.0
16.7,0.1,0.0
16.7,0.0,0.0
16.7,0.0,0.0
16.7,0.0,0.0
16.7,0.0,0.0
16.7,0.0,0.0
16.7,0.0,0.0
16.7,0.0,0.0
16.7,0.0,0.0
16.5,0.0,0.0
16.5,0.1,0.0
16.4,0.0,0.0
16.6,0.0,0.0
16.3,0.0,0.0
16.3,0.0,0.0
16.5,0.0,0.0
16.4,0.0,0.0
17.3,0.1,0.0
16.5,0.0,0.0
16.3,0.0,0.0
16.6,0.1,0.0
16.5,0.0,0.0
16.3,0.1,0.0
16.6,0.0,0.0
16.4,0.0,0.0
16.2,0.0,0.0
16.3,0.0,0.0
16.3,0.0,0.0
16.4,0.0,0.0
16.8,0.3,0.0
18.0,0.5,0.0
17.7,0.2,0.0
16.4,0.0,0.0
16.4,0.0,0.0
16.4,0.0,0.0
16.2,0.0,0.0
16.4,0.0,0.0
16.4,0.0,0.0
16.4,0.0,0.0
16.5,0.0,0.0
16.4,0.1,0.0
16.4,0.0,0.0
16.5,0.0,0.0
16.4,0.0,0.0
6.3,0.2,0.0
16.7,0.0,0.0
16.7,0.0,0.0
16.7,0.0,0.0
16.7,0.0,0.0
16.7,0.0,0.0
16.9,0.0,0.0
16.7,0.0,0.0
16.7,0.0,0.0
16.7,0.0,0.0
16.7,0.0,0.0
16.7,0.0,0.0
16.7,0.0,0.0
17.0,0.1,0.0
16.7,0.0,0.0
16.7,0.0,0.0
16.7,0.0,0.0
16.7,0.0,0.0
16.7,0.0,0.0
16.7,0.0,0.0
16.6,0.0,0.0
16.9,0.0,0.0
16.7,0.0,0.0
16.7,0.0,0.0
16.8,0.0,0.0
16.7,0.0,0.0
16.7,0.0,0.0
16.7,0.0,0.0
16.8,0.1,0.0
16.7,0.0,0.0
16.7,0.0,0.0
16.7,0.0,0.0
16.7,0.0,0.0
16.7,0.0,0.0
16.7,0.0,0.0
16.7,0.0,0.0
16.7,0.1,0.0
16.7,0.0,0.0
16.7,0.0,0.0
17.4,0.1,0.0
16.7,0.0,0.0
16.7,0.0,0.0
16.7,0.0,0.0
16.7,0.0,0.0
16.7,0.0,0.0
16.6,0.0,0.0
16.8,0.0,0.0
16.7,0.0,0.0
16.7,0.0,0.0
16.7,0.0,0.0
16.7,0.0,0.0
16.7,0.0,0.0
16.7,0.0,0.0
16.7,0.0,0.0
17.3,0.4,0.0
16.7,0.0,0.0
16.7,0.0,0.0
16.7,0.1,0.0
16.7,0.0,0.0
16.7,0.0,0.0
16.7,0.0,0.0
16.7,0.0,0.0
16.7,0.0,0.0
16.7,0.0,0.0
16.7,0.0,0.0
16.7,0.0,0.0
16.7,0.0,0.0
16.7,0.1,0.0
16.7,0.0,0.0
17.2,0.2,0.0
16.8,0.0,0.0
16.6,0.0,0.0
16.7,0.0,0.0
16.7,0.0,0.0
16.7,0.0,0.0
16.7,0.0,0.0
16.7,0.0,0.0
16.8,0.0,0.0
16.6,0.0,0.0
16.8,0.0,0.0
16.7,0.0,0.0
16.7,0.0,0.0
16.7,0.0,0.0
16.7,0.0,0.0
17.4,0.1,0.0
16.7,0.0,0.0
16.7,0.0,0.0
16.7,0.1,0.0
16.8,0.0,0.0
16.7,0.0,0.0
16.7,0.0,0.0
16.7,0.0,0.0
16.7,0.0,0.0
16.7,0.0,0.0
16.7,0.0,0.0
16.7,0.0,0.0
16.7,0.0,0.0
16.8,0.0,0.0
16.7,0.0,0.0
17.3,0.1,0.0
16.7,0.0,0.0
16.7,0.0,0.0
16.7,0.0,0.0
16.7,0.0,0.0
16.7,0.0,0.0
16.4,0.0,0.0
16.5,0.0,0.0
16.5,0.1,0.0
16.5,0.0,0.0
16.5,0.0,0.0
16.4,0.0,0.0
16.4,0.0,0.0
16.6,0.0,0.0
16.5,0.1,0.0
16.9,0.0,0.0
16.5,0.0,0.0
16.5,0.0,0.0
16.4,0.2,0.0
16.5,0.0,0.0
16.3,0.1,0.0
16.4,0.0,0.0
16.4,0.1,0.0
16.5,0.0,0.0
16.5,0.0,0.0
16.4,0.0,0.0
16.5,0.0,0.0
16.5,0.1,0.0
16.6,0.1,0.0
16.5,0.0,0.0
16.8,0.2,0.0
16.3,0.0,0.0
16.3,0.1,0.0
16.4,0.1,0.0
16.5,0.0,0.0
16.5,0.0,0.0
16.5,0.1,0.0
16.5,0.0,0.0
16.5,0.1,0.0
16.6,0.1,0.0
16.5,0.0,0.0
6.9,0.3,0.0
16.7,0.0,0.0
16.7,0.0,0.0
16.7,0.0,0.0
17.1,0.1,0.0
16.7,0.0,0.0
16.7,0.0,0.0
16.8,0.0,0.0
16.7,0.0,0.0
16.7,0.0,0.0
16.7,0.0,0.0
16.7,0.0,0.0
16.7,0.0,0.0
16.7,0.0,0.0
16.7,0.0,0.0
16.7,0.0,0.0
16.7,0.0,0.0
16.8,0.0,0.0
16.7,0.0,0.0
17.1,0.0,0.0
16.7,0.0,0.0
16.7,0.0,0.0
16.7,0.0,0.0
16.7,0.0,0.0
16.7,0.0,0.0
16.7,0.0,0.0
16.7,0.0,0.0
16.7,0.0,0.0
16.7,0.0,0.0
16.7,0.0,0.0
16.7,0.0,0.0
16.7,0.0,0.0
16.7,0.0,0.0
16.7,0.0,0.0
17.2,0.1,0.0
16.6,0.0,0.0
16.7,0.0,0.0
16.7,0.1,0.0
16.7,0.0,0.0
16.8,0.0,0.0
16.7,0.0,0.0
16.6,0.0,0.0
16.7,0.0,0.0
16.7,0.0,0.0
16.7,0.0,0.0
16.7,0.0,0.0
16.7,0.0,0.0
16.7,0.1,0.0
16.8,0.0,0.0
17.3,0.0,0.0
16.7,0.0,0.0
16.7,0.0,0.0
16.7,0.0,0.0
16.7,0.0,0.0
16.7,0.0,0.0
16.7,0.0,0.0
16.7,0.0,0.0
16.7,0.0,0.0
16.7,0.1,0.0
16.7,0.0,0.0
16.7,0.0,0.0
16.7,0.0,0.0
16.7,0.0,0.0
16.7,0.0,0.0
17.2,0.1,0.0
16.6,0.0,0.0
16.7,0.0,0.0
16.7,0.0,0.0
16.7,0.1,0.0
16.7,0.0,0.0
16.7,0.0,0.0
16.7,0.0,0.0
16.7,0.0,0.0
16.7,0.0,0.0
16.7,0.0,0.0
16.7,0.0,0.0
16.7,0.0,0.0
16.7,0.0,0.0
16.8,0.0,0.0
17.1,0.2,0.0
16.7,0.0,0.0
16.7,0.0,0.0
16.7,0.0,0.0
16.7,0.0,0.0
16.7,0.0,0.0
16.7,0.0,0.0
16.7,0.0,0.0
16.7,0.0,0.0
16.8,0.0,0.0
16.7,0.0,0.0
16.7,0.0,0.0
16.7,0.0,0.0
16.7,0.0,0.0
16.7,0.0,0.0
17.2,0.0,0.0
16.7,0.0,0.0
16.7,0.1,0.0
16.2,0.0,0.0
16.5,0.1,0.0
16.5,0.0,0.0
16.3,0.0,0.0
16.5,0.0,0.0
16.3,0.0,0.0
16.4,0.0,0.0
16.4,0.0,0.0
16.3,0.0,0.0
16.4,0.0,0.0
16.2,0.0,0.0
16.5,0.0,0.0
17.4,0.1,0.0
16.3,0.0,0.0
16.4,0.0,0.0
16.5,0.0,0.0
16.5,0.0,0.0
16.6,0.0,0.0
16.6,0.0,0.0
16.4,0.1,0.0
16.5,0.0,0.0
16.6,0.2,0.0
16.3,0.0,0.0
16.5,0.0,0.0
16.9,0.0,0.0
16.5,0.0,0.0
16.5,0.0,0.0
17.0,0.0,0.0
16.5,0.0,0.0
16.5,0.0,0.0
16.6,0.0,0.0
16.5,0.1,0.0
16.5,0.0,0.0
16.6,0.0,0.0
12.3,0.1,0.0
11.2,0.0,0.0
16.7,0.0,0.0
16.7,0.0,0.0
16.7,0.0,0.0
16.7,0.0,0.0
16.7,0.0,0.0
16.8,0.0,0.0
17.3,0.1,0.0
16.6,0.0,0.0
16.7,0.0,0.0
16.6,0.0,0.0
16.7,0.0,0.0
16.7,0.0,0.0
17.8,0.2,0.0
18.7,0.0,0.0
17.2,0.2,0.0
16.9,0.0,0.0
16.7,0.0,0.0
16.7,0.0,0.0
16.7,0.0,0.0
16.7,0.0,0.0
16.7,0.0,0.0
16.9,0.1,0.0
16.7,0.0,0.0
16.7,0.0,0.0
16.7,0.0,0.0
16.7,0.1,0.0
16.7,0.0,0.0
16.7,0.0,0.0
16.7,0.0,0.0
16.7,0.0,0.0
16.7,0.0,0.0
16.7,0.0,0.0
16.7,0.0,0.0
16.7,0.0,0.0
16.7,0.0,0.0
16.8,0.0,0.0
16.9,0.1,0.0
16.7,0.0,0.0
16.7,0.0,0.0
16.7,0.0,0.0
16.7,0.0,0.0
16.7,0.0,0.0
16.6,0.0,0.0
16.7,0.0,0.0
16.7,0.0,0.0
16.8,0.1,0.0
16.7,0.0,0.0
16.6,0.0,0.0
16.6,0.0,0.0
16.7,0.0,0.0
16.7,0.0,0.0
17.5,0.0,0.0
16.8,0.0,0.0
16.7,0.0,0.0
16.7,0.0,0.0
16.8,0.0,0.0
16.7,0.0,0.0
16.7,0.0,0.0
16.7,0.0,0.0
16.7,0.0,0.0
16.7,0.0,0.0
16.7,0.0,0.0
16.7,0.0,0.0
16.6,0.0,0.0
16.7,0.0,0.0
16.7,0.1,0.0
17.4,0.1,0.0
16.7,0.0,0.0
16.7,0.0,0.0
16.7,0.0,0.0
16.7,0.0,0.0
16.8,0.0,0.0
16.7,0.0,0.0
16.7,0.0,0.0
16.7,0.1,0.0
16.7,0.0,0.0
16.8,0.0,0.0
16.7,0.0,0.0
16.7,0.0,0.0
16.7,0.0,0.0
16.8,0.1,0.0
17.4,0.1,0.0
16.7,0.0,0.0
16.7,0.0,0.0
16.7,0.0,0.0
16.7,0.0,0.0
16.7,0.1,0.0
16.7,0.0,0.0
16.7,0.0,0.0
16.7,0.0,0.0
16.7,0.0,0.0
16.7,0.0,0.0
16.7,0.0,0.0
16.7,0.0,0.0
16.7,0.0,0.0
16.7,0.0,0.0
16.7,0.2,0.0
16.3,0.0,0.0
16.5,0.0,0.0
16.4,0.0,0.0
16.5,0.0,0.0
16.4,0.0,0.0
16.5,0.0,0.0
16.4,0.1,0.0
16.4,0.0,0.0
16.6,0.0,0.0
16.3,0.1,0.0
16.5,0.0,0.0
16.7,0.0,0.0
16.4,0.1,0.0
16.5,0.0,0.0
16.9,0.1,0.0
16.4,0.0,0.0
16.5,0.0,0.0
16.5,0.0,0.0
16.5,0.0,0.0
16.7,0.1,0.0
16.4,0.0,0.0
16.5,0.0,0.0
16.5,0.1,0.0
16.4,0.1,0.0
16.5,0.0,0.0
16.5,0.0,0.0
16.5,0.0,0.0
16.5,0.0,0.0
16.5,0.0,0.0
16.8,0.1,0.0
16.5,0.0,0.0
16.5,0.0,0.0
16.6,0.0,0.0
16.6,0.0,0.0
6.5,0.4,0.0
16.7,0.0,0.0
16.7,0.0,0.0
16.7,0.0,0.0
16.7,0.0,0.0
16.7,0.0,0.0
16.7,0.0,0.0
16.7,0.0,0.0
16.7,0.0,0.0
16.7,0.0,0.0
17.4,0.3,0.0
16.7,0.0,0.0
16.7,0.0,0.0
16.7,0.0,0.0
16.7,0.0,0.0
16.8,0.0,0.0
16.7,0.0,0.0
16.7,0.0,0.0
16.7,0.0,0.0
16.7,0.0,0.0
16.7,0.0,0.0
16.7,0.0,0.0
16.8,0.0,0.0
16.7,0.0,0.0
16.6,0.0,0.0
17.3,0.1,0.0
16.7,0.0,0.0
16.7,0.0,0.0
16.7,0.0,0.0
16.7,0.0,0.0
16.7,0.0,0.0
16.8,0.0,0.0
16.7,0.0,0.0
16.7,0.0,0.0
16.7,0.1,0.0
16.9,0.2,0.0
16.7,0.0,0.0
16.7,0.0,0.0
16.7,0.0,0.0
16.7,0.0,0.0
17.0,0.1,0.0
16.7,0.0,0.0
16.7,0.0,0.0
16.7,0.0,0.0
16.7,0.0,0.0
16.7,0.1,0.0
16.7,0.0,0.0
16.7,0.0,0.0
16.7,0.0,0.0
16.7,0.0,0.0
16.7,0.0,0.0
16.7,0.0,0.0
16.7,0.0,0.0
16.7,0.0,0.0
16.7,0.0,0.0
17.0,0.1,0.0
16.7,0.0,0.0
16.7,0.0,0.0
16.7,0.0,0.0
16.7,0.0,0.0
16.7,0.0,0.0
16.7,0.0,0.0
16.7,0.0,0.0
16.7,0.0,0.0
16.7,0.0,0.0
16.8,0.0,0.0
16.7,0.0,0.0
16.7,0.0,0.0
16.8,0.0,0.0
16.7,0.0,0.0
16.9,0.2,0.0
16.7,0.0,0.0
16.7,0.0,0.0
16.7,0.0,0.0
16.7,0.0,0.0
16.7,0.1,0.0
16.7,0.0,0.0
16.7,0.0,0.0
16.6,0.0,0.0
16.7,0.0,0.0
16.7,0.0,0.0
16.7,0.0,0.0
16.6,0.0,0.0
16.7,0.0,0.0
16.7,0.0,0.0
17.2,0.1,0.0
16.7,0.0,0.0
16.7,0.0,0.0
16.7,0.0,0.0
16.7,0.0,0.0
16.7,0.0,0.0
16.7,0.0,0.0
16.7,0.0,0.0
16.7,0.0,0.0
16.7,0.1,0.0
16.8,0.1,0.0
16.8,0.0,0.0
16.8,0.0,0.0
16.7,0.0,0.0
16.3,0.1,0.0
16.4,0.0,0.0
16.4,0.0,0.0
16.5,0.0,0.0
16.4,0.0,0.0
16.3,0.0,0.0
16.5,0.0,0.0
16.5,0.2,0.0
16.4,0.0,0.0
16.5,0.0,0.0
16.4,0.0,0.0
16.5,0.0,0.0
16.4,0.0,0.0
16.4,0.0,0.0
16.4,0.0,0.0
16.4,0.0,0.0
16.3,0.0,0.0
16.5,0.1,0.0
16.5,0.0,0.0
16.5,0.0,0.0
16.5,0.0,0.0
16.4,0.0,0.0
16.4,0.0,0.0
16.5,0.0,0.0
16.5,0.0,0.0
16.5,0.0,0.0
16.4,0.1,0.0
16.6,0.0,0.0
16.6,0.0,0.0
16.5,0.0,0.0
16.7,0.1,0.0
16.4,0.0,0.0
16.5,0.0,0.0
16.5,0.0,0.0
16.5,0.1,0.0
6.2,0.3,0.0
16.7,0.0,0.0
16.7,0.0,0.0
16.7,0.0,0.0
16.7,0.0,0.0
16.7,0.0,0.0
16.7,0.0,0.0
16.6,0.0,0.0
16.7,0.0,0.0
16.7,0.0,0.0
16.7,0.0,0.0
16.7,0.0,0.0
16.8,0.1,0.0
16.7,0.0,0.0
16.7,0.0,0.0
16.7,0.0,0.0
16.7,0.0,0.0
16.7,0.1,0.0
16.7,0.0,0.0
16.7,0.0,0.0
16.7,0.0,0.0
16.7,0.0,0.0
16.8,0.0,0.0
16.7,0.0,0.0
16.7,0.0,0.0
16.7,0.0,0.0
16.7,0.0,0.0
16.7,0.0,0.0
16.7,0.0,0.0
16.7,0.0,0.0
16.7,0.0,0.0
16.7,0.0,0.0
16.8,0.1,0.0
16.7,0.0,0.0
16.8,0.1,0.0
16.7,0.0,0.0
16.7,0.0,0.0
16.7,0.0,0.0
16.6,0.0,0.0
16.7,0.0,0.0
16.7,0.0,0.0
17.7,0.0,0.0
16.8,0.1,0.0
16.8,0.0,0.0
16.7,0.0,0.0
16.7,0.0,0.0
16.7,0.0,0.0
18.1,0.6,0.0
18.6,0.1,0.0
16.7,0.1,0.0
16.7,0.0,0.0
16.7,0.0,0.0
16.8,0.0,0.0
16.7,0.0,0.0
16.7,0.0,0.0
16.7,0.0,0.0
16.6,0.0,0.0
16.7,0.0,0.0
16.7,0.0,0.0
16.7,0.0,0.0
16.7,0.0,0.0
16.7,0.0,0.0
16.7,0.0,0.0
16.7,0.0,0.0
16.7,0.0,0.0
16.7,0.0,0.0
16.7,0.0,0.0
16.7,0.0,0.0
16.7,0.0,0.0
16.7,0.0,0.0
16.6,0.0,0.0
16.7,0.0,0.0
16.7,0.0,0.0
16.7,0.0,0.0
16.7,0.0,0.0
16.7,0.0,0.0
16.7,0.0,0.0
16.7,0.0,0.0
16.7,0.1,0.0
16.7,0.0,0.0
16.8,0.1,0.0
16.7,0.0,0.0
16.7,0.0,0.0
16.8,0.0,0.0
16.7,0.0,0.0
17.3,0.2,0.0
16.7,0.0,0.0
16.7,0.0,0.0
16.7,0.0,0.0
16.8,0.0,0.0
16.7,0.0,0.0
16.7,0.0,0.0
16.7,0.0,0.0
16.7,0.0,0.0
16.7,0.0,0.0
16.6,0.0,0.0
16.7,0.0,0.0
16.7,0.0,0.0
16.5,0.0,0.0
16.5,0.0,0.0
16.4,0.0,0.0
16.3,0.0,0.0
16.4,0.1,0.0
16.6,0.0,0.0
16.3,0.0,0.0
16.3,0.0,0.0
16.4,0.0,0.0
16.7,0.2,0.0
16.3,0.1,0.0
16.6,0.0,0.0
16.4,0.1,0.0
16.4,0.0,0.0
16.5,0.0,0.0
16.3,0.1,0.0
16.5,0.0,0.0
16.4,0.0,0.0
16.8,0.1,0.0
16.6,0.0,0.0
16.5,0.0,0.0
16.5,0.0,0.0
16.5,0.0,0.0
16.5,0.1,0.0
16.6,0.0,0.0
16.6,0.1,0.0
16.5,0.0,0.0
16.5,0.1,0.0
16.3,0.0,0.0
16.5,0.0,0.0
16.4,0.0,0.0
16.4,0.1,0.0
16.4,0.0,0.0
16.9,0.1,0.0
16.6,0.0,0.0
7.7,0.4,0.0
15.8,0.0,0.0
16.8,0.0,0.0
16.7,0.0,0.0
16.7,0.0,0.0
16.7,0.0,0.0
16.7,0.0,0.0
16.7,0.0,0.0
16.7,0.0,0.0
16.7,0.0,0.0
16.8,0.0,0.0
16.7,0.0,0.0
16.7,0.0,0.0
16.9,0.1,0.0
16.7,0.0,0.0
16.7,0.0,0.0
16.7,0.0,0.0
16.7,0.0,0.0
16.7,0.0,0.0
16.7,0.0,0.0
16.8,0.0,0.0
16.6,0.0,0.0
16.6,0.0,0.0
16.7,0.0,0.0
16.7,0.0,0.0
16.7,0.0,0.0
16.7,0.0,0.0
16.7,0.0,0.0
16.9,0.1,0.0
16.7,0.0,0.0
16.8,0.0,0.0
16.7,0.0,0.0
16.7,0.0,0.0
16.7,0.0,0.0
16.6,0.0,0.0
16.7,0.0,0.0
16.6,0.0,0.0
16.7,0.0,0.0
16.7,0.0,0.0
16.8,0.0,0.0
16.7,0.1,0.0
16.7,0.0,0.0
16.7,0.0,0.0
16.9,0.1,0.0
16.7,0.0,0.0
16.7,0.0,0.0
16.7,0.0,0.0
16.7,0.0,0.0
16.8,0.0,0.0
16.7,0.0,0.0
16.7,0.1,0.0
16.7,0.0,0.0
16.7,0.0,0.0
16.7,0.0,0.0
16.7,0.0,0.0
16.7,0.0,0.0
16.7,0.0,0.0
16.7,0.0,0.0
17.0,0.1,0.0
16.7,0.0,0.0
16.8,0.0,0.0
16.7,0.0,0.0
16.7,0.0,0.0
16.7,0.0,0.0
16.7,0.0,0.0
16.7,0.0,0.0
16.7,0.0,0.0
16.7,0.0,0.0
16.7,0.1,0.0
16.7,0.0,0.0
16.8,0.1,0.0
16.7,0.0,0.0
16.7,0.0,0.0
16.9,0.1,0.0
16.7,0.0,0.0
16.7,0.0,0.0
16.8,0.0,0.0
16.7,0.0,0.0
16.7,0.0,0.0
16.7,0.0,0.0
16.7,0.0,0.0
16.7,0.0,0.0
16.6,0.0,0.0
16.7,0.0,0.0
16.7,0.0,0.0
16.8,0.0,0.0
16.7,0.0,0.0
16.7,0.0,0.0
17.3,0.1,0.0
16.7,0.0,0.0
16.8,0.0,0.0
16.6,0.0,0.0
16.7,0.0,0.0
16.7,0.0,0.0
16.7,0.0,0.0
16.7,0.0,0.0
16.7,0.0,0.0
16.7,0.0,0.0
16.7,0.0,0.0
16.7,0.0,0.0
16.7,0.1,0.0
16.7,0.0,0.0
16.7,0.0,0.0
17.2,0.1,0.0
16.7,0.0,0.0
16.6,0.0,0.0
16.7,0.0,0.0
16.3,0.1,0.0
16.2,0.1,0.0
16.5,0.0,0.0
16.5,0.1,0.0
16.4,0.0,0.0
16.5,0.0,0.0
16.6,0.1,0.0
16.4,0.0,0.0
16.4,0.0,0.0
16.5,0.0,0.0
16.5,0.0,0.0
17.1,0.1,0.0
16.4,0.0,0.0
16.7,0.0,0.0
16.5,0.0,0.0
16.5,0.0,0.0
16.5,0.0,0.0
16.5,0.0,0.0
16.6,0.0,0.0
16.4,0.0,0.0
16.5,0.0,0.0
16.5,0.0,0.0
16.4,0.0,0.0
16.6,0.1,0.0
16.6,0.1,0.0
16.4,0.0,0.0
16.9,0.1,0.0
16.5,0.0,0.0
16.4,0.0,0.0
16.5,0.0,0.0
16.4,0.0,0.0
16.6,0.0,0.0
16.4,0.1,0.0
16.5,0.1,0.0
16.2,0.0,0.0
7.2,0.2,0.0
16.7,0.0,0.0
16.7,0.0,0.0
16.7,0.0,0.0
16.7,0.0,0.0
16.7,0.0,0.0
17.8,0.1,0.0
16.8,0.0,0.0
16.7,0.0,0.0
16.8,0.0,0.0
16.6,0.0,0.0
16.7,0.0,0.0
16.7,0.0,0.0
16.7,0.0,0.0
16.7,0.0,0.0
16.7,0.0,0.0
16.7,0.0,0.0
16.7,0.0,0.0
16.7,0.0,0.0
16.7,0.1,0.0
16.7,0.0,0.0
17.5,0.3,0.0
16.7,0.0,0.0
16.7,0.0,0.0
16.7,0.0,0.0
16.7,0.1,0.0
16.7,0.0,0.0
16.6,0.0,0.0
16.7,0.0,0.0
16.8,0.0,0.0
16.7,0.0,0.0
16.7,0.0,0.0
16.7,0.0,0.0
16.7,0.0,0.0
16.7,0.0,0.0
17.3,0.0,0.0
16.8,0.0,0.0
16.7,0.0,0.0
16.7,0.0,0.0
16.7,0.1,0.0
16.7,0.0,0.0
16.7,0.0,0.0
16.7,0.0,0.0
16.7,0.0,0.0
16.8,0.1,0.0
16.7,0.0,0.0
16.6,0.0,0.0
16.7,0.0,0.0
17.0,0.0,0.0
16.7,0.1,0.0
16.9,0.1,0.0
16.8,0.0,0.0
16.7,0.0,0.0
16.6,0.0,0.0
16.7,0.0,0.0
16.7,0.0,0.0
16.7,0.0,0.0
16.7,0.0,0.0
16.7,0.0,0.0
16.7,0.1,0.0
16.7,0.0,0.0
16.7,0.0,0.0
16.7,0.0,0.0
16.7,0.0,0.0
16.7,0.0,0.0
16.9,0.0,0.0
16.7,0.0,0.0
16.7,0.0,0.0
16.7,0.0,0.0
16.8,0.0,0.0
16.7,0.0,0.0
16.7,0.0,0.0
17.4,0.1,0.0
18.4,0.4,0.0
18.0,0.1,0.0
16.7,0.0,0.0
16.7,0.0,0.0
16.7,0.0,0.0
16.7,0.0,0.0
16.8,0.0,0.0
17.1,0.2,0.0
16.8,0.1,0.0
16.6,0.0,0.0
16.7,0.0,0.0
16.7,0.0,0.0
16.7,0.0,0.0
16.7,0.0,0.0
16.7,0.0,0.0
16.7,0.0,0.0
16.7,0.1,0.0
16.8,0.0,0.0
16.7,0.0,0.0
16.7,0.0,0.0
16.7,0.0,0.0
16.7,0.0,0.0
16.9,0.1,0.0
16.7,0.0,0.0
16.7,0.0,0.0
16.6,0.0,0.0
16.7,0.0,0.0
16.7,0.0,0.0
16.7,0.0,0.0
16.7,0.0,0.0
16.7,0.0,0.0
16.7,0.1,0.0
16.7,0.0,0.0
16.5,0.0,0.0
16.4,0.1,0.0
16.3,0.1,0.0
16.5,0.1,0.0
16.6,0.1,0.0
16.3,0.0,0.0
16.3,0.0,0.0
16.4,0.0,0.0
16.5,0.0,0.0
16.5,0.0,0.0
16.5,0.0,0.0
16.5,0.0,0.0
16.4,0.1,0.0
16.7,0.1,0.0
16.5,0.0,0.0
16.4,0.1,0.0
16.5,0.0,0.0
16.5,0.0,0.0
16.5,0.0,0.0
17.0,0.1,0.0
16.5,0.0,0.0
16.4,0.0,0.0
16.6,0.0,0.0
16.7,0.1,0.0
16.2,0.0,0.0
16.5,0.0,0.0
16.6,0.0,0.0
16.4,0.0,0.0
16.4,0.0,0.0
16.4,0.1,0.0
16.4,0.0,0.0
16.5,0.1,0.0
16.5,0.0,0.0
16.6,0.0,0.0
17.0,0.1,0.0
7.4,0.2,0.0
0.5,0.8,0.0
1.0,0.1,0.0
0.7,0.1,0.0
